Scope,File,Column_Order,Column_Name,Required,Ownership,Notes
army,Unit_Profiles.csv,1,Unit_ID,YES,AUTHORITATIVE,Stable unique unit key; authoritative parent for unit relationships.
army,Unit_Profiles.csv,2,Unit Name,YES,AUTHORITATIVE,Visible unit name.
army,Unit_Profiles.csv,3,"M""",NO,AUTHORITATIVE,Unit movement value in the current HTML-compatible display format.
army,Unit_Profiles.csv,4,T,NO,AUTHORITATIVE,Unit Toughness characteristic.
army,Unit_Profiles.csv,5,SV,NO,AUTHORITATIVE,Unit save/invulnerable display value in the current HTML-compatible format.
army,Unit_Profiles.csv,6,W,NO,AUTHORITATIVE,Unit Wounds characteristic.
army,Unit_Profiles.csv,7,LD,NO,AUTHORITATIVE,Unit Leadership characteristic.
army,Unit_Profiles.csv,8,OC,NO,AUTHORITATIVE,Unit Objective Control characteristic.
army,Unit_Profiles.csv,9,Keywords,NO,AUTHORITATIVE,Current HTML-compatible comma-separated unit keywords.
army,Unit_Profiles.csv,10,Hyperlink,NO,AUTHORITATIVE,Source/reference hyperlink for the unit.
army,Units.csv,1,Unit_ID,YES,GENERATED_COMPAT,"Generated compatibility output from Unit_Profiles.csv, Unit_Abilities.csv, Unit_Weapons.csv, and Unit_Points.csv; do not author directly."
army,Units.csv,2,Unit Name,YES,GENERATED_COMPAT,"Generated compatibility output from Unit_Profiles.csv, Unit_Abilities.csv, Unit_Weapons.csv, and Unit_Points.csv; do not author directly."
army,Units.csv,3,Ability_IDs,NO,GENERATED_COMPAT,"Generated compatibility output from Unit_Profiles.csv, Unit_Abilities.csv, Unit_Weapons.csv, and Unit_Points.csv; do not author directly."
army,Units.csv,4,Core_Ability_IDs,NO,GENERATED_COMPAT,"Generated compatibility output from Unit_Profiles.csv, Unit_Abilities.csv, Unit_Weapons.csv, and Unit_Points.csv; do not author directly."
army,Units.csv,5,Weapon_IDs,NO,GENERATED_COMPAT,"Generated compatibility output from Unit_Profiles.csv, Unit_Abilities.csv, Unit_Weapons.csv, and Unit_Points.csv; do not author directly."
army,Units.csv,6,"M""",NO,GENERATED_COMPAT,"Generated compatibility output from Unit_Profiles.csv, Unit_Abilities.csv, Unit_Weapons.csv, and Unit_Points.csv; do not author directly."
army,Units.csv,7,T,NO,GENERATED_COMPAT,"Generated compatibility output from Unit_Profiles.csv, Unit_Abilities.csv, Unit_Weapons.csv, and Unit_Points.csv; do not author directly."
army,Units.csv,8,SV,NO,GENERATED_COMPAT,"Generated compatibility output from Unit_Profiles.csv, Unit_Abilities.csv, Unit_Weapons.csv, and Unit_Points.csv; do not author directly."
army,Units.csv,9,W,NO,GENERATED_COMPAT,"Generated compatibility output from Unit_Profiles.csv, Unit_Abilities.csv, Unit_Weapons.csv, and Unit_Points.csv; do not author directly."
army,Units.csv,10,LD,NO,GENERATED_COMPAT,"Generated compatibility output from Unit_Profiles.csv, Unit_Abilities.csv, Unit_Weapons.csv, and Unit_Points.csv; do not author directly."
army,Units.csv,11,OC,NO,GENERATED_COMPAT,"Generated compatibility output from Unit_Profiles.csv, Unit_Abilities.csv, Unit_Weapons.csv, and Unit_Points.csv; do not author directly."
army,Units.csv,12,Keywords,NO,GENERATED_COMPAT,"Generated compatibility output from Unit_Profiles.csv, Unit_Abilities.csv, Unit_Weapons.csv, and Unit_Points.csv; do not author directly."
army,Units.csv,13,Hyperlink,NO,GENERATED_COMPAT,"Generated compatibility output from Unit_Profiles.csv, Unit_Abilities.csv, Unit_Weapons.csv, and Unit_Points.csv; do not author directly."
army,Units.csv,14,Points_Label_1,NO,GENERATED_COMPAT,"Generated compatibility output from Unit_Profiles.csv, Unit_Abilities.csv, Unit_Weapons.csv, and Unit_Points.csv; do not author directly."
army,Units.csv,15,Points_Cost_1,NO,GENERATED_COMPAT,"Generated compatibility output from Unit_Profiles.csv, Unit_Abilities.csv, Unit_Weapons.csv, and Unit_Points.csv; do not author directly."
army,Units.csv,16,Points_Label_2,NO,GENERATED_COMPAT,"Generated compatibility output from Unit_Profiles.csv, Unit_Abilities.csv, Unit_Weapons.csv, and Unit_Points.csv; do not author directly."
army,Units.csv,17,Points_Cost_2,NO,GENERATED_COMPAT,"Generated compatibility output from Unit_Profiles.csv, Unit_Abilities.csv, Unit_Weapons.csv, and Unit_Points.csv; do not author directly."
army,Units.csv,18,Points_Label_3,NO,GENERATED_COMPAT,"Generated compatibility output from Unit_Profiles.csv, Unit_Abilities.csv, Unit_Weapons.csv, and Unit_Points.csv; do not author directly."
army,Units.csv,19,Points_Cost_3,NO,GENERATED_COMPAT,"Generated compatibility output from Unit_Profiles.csv, Unit_Abilities.csv, Unit_Weapons.csv, and Unit_Points.csv; do not author directly."
army,Units.csv,20,Points_Label_4,NO,GENERATED_COMPAT,"Generated compatibility output from Unit_Profiles.csv, Unit_Abilities.csv, Unit_Weapons.csv, and Unit_Points.csv; do not author directly."
army,Units.csv,21,Points_Cost_4,NO,GENERATED_COMPAT,"Generated compatibility output from Unit_Profiles.csv, Unit_Abilities.csv, Unit_Weapons.csv, and Unit_Points.csv; do not author directly."
army,Units.csv,22,Points_Label_5,NO,GENERATED_COMPAT,"Generated compatibility output from Unit_Profiles.csv, Unit_Abilities.csv, Unit_Weapons.csv, and Unit_Points.csv; do not author directly."
army,Units.csv,23,Points_Cost_5,NO,GENERATED_COMPAT,"Generated compatibility output from Unit_Profiles.csv, Unit_Abilities.csv, Unit_Weapons.csv, and Unit_Points.csv; do not author directly."
army,Units.csv,24,Points_Label_6,NO,GENERATED_COMPAT,"Generated compatibility output from Unit_Profiles.csv, Unit_Abilities.csv, Unit_Weapons.csv, and Unit_Points.csv; do not author directly."
army,Units.csv,25,Points_Cost_6,NO,GENERATED_COMPAT,"Generated compatibility output from Unit_Profiles.csv, Unit_Abilities.csv, Unit_Weapons.csv, and Unit_Points.csv; do not author directly."
army,Units.csv,26,Points_Label_7,NO,GENERATED_COMPAT,"Generated compatibility output from Unit_Profiles.csv, Unit_Abilities.csv, Unit_Weapons.csv, and Unit_Points.csv; do not author directly."
army,Units.csv,27,Points_Cost_7,NO,GENERATED_COMPAT,"Generated compatibility output from Unit_Profiles.csv, Unit_Abilities.csv, Unit_Weapons.csv, and Unit_Points.csv; do not author directly."
army,Units.csv,28,Points_Label_8,NO,GENERATED_COMPAT,"Generated compatibility output from Unit_Profiles.csv, Unit_Abilities.csv, Unit_Weapons.csv, and Unit_Points.csv; do not author directly."
army,Units.csv,29,Points_Cost_8,NO,GENERATED_COMPAT,"Generated compatibility output from Unit_Profiles.csv, Unit_Abilities.csv, Unit_Weapons.csv, and Unit_Points.csv; do not author directly."
army,Unit_Abilities.csv,1,Unit_ID,YES,AUTHORITATIVE,Foreign key to Unit_Profiles.csv.
army,Unit_Abilities.csv,2,Ability_ID,YES,AUTHORITATIVE,Foreign key to army or Universal Abilities.
army,Unit_Abilities.csv,3,Ability_Type,YES,AUTHORITATIVE,ABILITY or CORE_ABILITY; preserves the source relationship class.
army,Unit_Weapons.csv,1,Unit_ID,YES,AUTHORITATIVE,Foreign key to Unit_Profiles.csv.
army,Unit_Weapons.csv,2,Weapon_ID,YES,AUTHORITATIVE,Foreign key to Weapon_Stats.csv.
army,Unit_Points.csv,1,Unit_ID,YES,AUTHORITATIVE,Foreign key to Unit_Profiles.csv.
army,Unit_Points.csv,2,Point_Option_ID,YES,AUTHORITATIVE,Stable point-slot key; currently point_1 through point_8.
army,Unit_Points.csv,3,Label,NO,AUTHORITATIVE,Exact legacy point label; blank is valid for single-cost units.
army,Unit_Points.csv,4,Cost,NO,AUTHORITATIVE,Exact legacy point cost; blank is valid when a label is loadout-driven.
army,Unit_Points.csv,5,Sort_Order,YES,AUTHORITATIVE,Original point-slot order 1 through 8.
army,Weapon_Stats.csv,1,Weapon_ID,YES,AUTHORITATIVE,
army,Weapon_Stats.csv,2,Weapon Name,YES,AUTHORITATIVE,
army,Weapon_Stats.csv,3,"R""",NO,AUTHORITATIVE,
army,Weapon_Stats.csv,4,A,NO,AUTHORITATIVE,
army,Weapon_Stats.csv,5,WS,NO,AUTHORITATIVE,
army,Weapon_Stats.csv,6,St,NO,AUTHORITATIVE,
army,Weapon_Stats.csv,7,AP,NO,AUTHORITATIVE,
army,Weapon_Stats.csv,8,D,NO,AUTHORITATIVE,
army,Weapon_Stats.csv,9,Weapon Abilities,NO,GENERATED_COLUMN,Generated from authoritative Weapon_Abilities.csv; compatibility/presentation column for current HTML.
army,Weapon_Abilities.csv,1,Weapon_ID,YES,AUTHORITATIVE,Foreign key to Weapon_Stats.csv.
army,Weapon_Abilities.csv,2,Weapon_Ability_ID,YES,AUTHORITATIVE,Stable unique relationship key generated from Weapon_ID and ability order.
army,Weapon_Abilities.csv,3,Ability_Type,YES,AUTHORITATIVE,Canonical weapon ability type; NONE preserves an explicit legacy '-' value.
army,Weapon_Abilities.csv,4,Target,NO,AUTHORITATIVE,Target class for parameterized abilities such as ANTI; blank otherwise.
army,Weapon_Abilities.csv,5,Value,NO,AUTHORITATIVE,"Structured parameter such as 2, D3, or 4+; blank for flag abilities."
army,Weapon_Abilities.csv,6,Condition,NO,AUTHORITATIVE,Optional qualifier previously represented after ':' in the compatibility string.
army,Weapon_Abilities.csv,7,Separator_Before,NO,AUTHORITATIVE,"Exact legacy delimiter before this ability; blank for first ability, normally ', ' thereafter."
army,Weapon_Abilities.csv,8,Sort_Order,YES,AUTHORITATIVE,Ability display/order position within the weapon.
army,Abilities.csv,1,Ability_ID,YES,AUTHORITATIVE,
army,Abilities.csv,2,Ability Name,YES,AUTHORITATIVE,
army,Abilities.csv,3,Short Description,NO,AUTHORITATIVE,
army,Abilities.csv,4,Long Description,NO,AUTHORITATIVE,
army,Abilities.csv,5,Tags,NO,GENERATED_COLUMN,Generated from Effects.csv Display_Tag values for this Ability_ID; presentation/legacy compatibility only.
army,Abilities.csv,6,Order,YES,AUTHORITATIVE,"Required canonical Ability sort order 0-9. The application does not infer order from Ability name, type, Tags, or Effects."
army,Detachments.csv,1,Detachment_ID,YES,GENERATED_COMPAT,Legacy mixed detachment table retained temporarily for current HTML compatibility.
army,Detachments.csv,2,Army_Name,NO,GENERATED_COMPAT,Generated compatibility output from normalized detachment tables; do not author directly.
army,Detachments.csv,3,Detachment_Name,NO,GENERATED_COMPAT,Generated compatibility output from normalized detachment tables; do not author directly.
army,Detachments.csv,4,Item_Type,YES,GENERATED_COMPAT,Generated compatibility output from normalized detachment tables; do not author directly.
army,Detachments.csv,5,Item_ID,YES,GENERATED_COMPAT,Generated compatibility output from normalized detachment tables; do not author directly.
army,Detachments.csv,6,Item_Name,YES,GENERATED_COMPAT,Generated compatibility output from normalized detachment tables; do not author directly.
army,Detachments.csv,7,Points,NO,GENERATED_COMPAT,Generated compatibility output from normalized detachment tables; do not author directly.
army,Detachments.csv,8,CP_Cost,NO,GENERATED_COMPAT,Generated compatibility output from normalized detachment tables; do not author directly.
army,Detachments.csv,9,DP_Cost,NO,GENERATED_COMPAT,Generated compatibility output from normalized detachment tables; do not author directly.
army,Detachments.csv,10,Detachment_Disposition,NO,GENERATED_COMPAT,Generated compatibility output from normalized detachment tables; do not author directly.
army,Detachments.csv,11,Short_Description,NO,GENERATED_COMPAT,Generated compatibility output from normalized detachment tables; do not author directly.
army,Detachments.csv,12,Long_Description,NO,GENERATED_COMPAT,Generated compatibility output from normalized detachment tables; do not author directly.
army,Detachments.csv,13,Detachment_Disposition_2,NO,GENERATED_COMPAT,Optional second allowed disposition; blank is valid.
army,Detachment_Definitions.csv,1,Detachment_ID,YES,AUTHORITATIVE,Stable unique detachment key.
army,Detachment_Definitions.csv,2,Army_Name,YES,AUTHORITATIVE,Owning army name.
army,Detachment_Definitions.csv,3,Detachment_Name,YES,AUTHORITATIVE,Visible detachment name.
army,Detachment_Definitions.csv,4,Rule_ID,YES,AUTHORITATIVE,Stable unique ID for the detachment rule.
army,Detachment_Definitions.csv,5,Rule_Name,YES,AUTHORITATIVE,Visible detachment rule name.
army,Detachment_Definitions.csv,6,DP_Cost,NO,AUTHORITATIVE,Detachment point cost.
army,Detachment_Definitions.csv,7,Detachment_Disposition,NO,AUTHORITATIVE,Primary allowed disposition.
army,Detachment_Definitions.csv,8,Detachment_Disposition_2,NO,AUTHORITATIVE,Optional second allowed disposition.
army,Detachment_Definitions.csv,9,Short_Description,NO,AUTHORITATIVE,
army,Detachment_Definitions.csv,10,Long_Description,NO,AUTHORITATIVE,
army,Enhancements.csv,1,Enhancement_ID,YES,AUTHORITATIVE,Stable unique enhancement key.
army,Enhancements.csv,2,Detachment_ID,YES,AUTHORITATIVE,Foreign key to Detachment_Definitions.csv.
army,Enhancements.csv,3,Enhancement_Name,YES,AUTHORITATIVE,Visible enhancement name.
army,Enhancements.csv,4,Points,NO,AUTHORITATIVE,Enhancement points cost.
army,Enhancements.csv,5,Repeatable,YES,AUTHORITATIVE,TRUE when this Enhancement may be assigned more than once in the same army; FALSE otherwise.
army,Enhancements.csv,6,Short_Description,NO,AUTHORITATIVE,
army,Enhancements.csv,7,Long_Description,NO,AUTHORITATIVE,
army,Enhancements.csv,8,Tags,NO,GENERATED_COLUMN,Generated from Effects.csv Display_Tag values for this Enhancement_ID; presentation/legacy compatibility only.
army,Stratagems.csv,1,Stratagem_ID,YES,AUTHORITATIVE,Stable unique stratagem key.
army,Stratagems.csv,2,Detachment_ID,YES,AUTHORITATIVE,Foreign key to Detachment_Definitions.csv.
army,Stratagems.csv,3,Stratagem_Name,YES,AUTHORITATIVE,Visible stratagem name.
army,Stratagems.csv,4,CP_Cost,NO,AUTHORITATIVE,Command point cost.
army,Stratagems.csv,5,Short_Description,NO,AUTHORITATIVE,
army,Stratagems.csv,6,Long_Description,NO,AUTHORITATIVE,
army,Army_Rules.csv,1,Army_Rule_ID,YES,AUTHORITATIVE,Stable unique army-rule key.
army,Army_Rules.csv,2,Army_Name,YES,AUTHORITATIVE,Owning army name.
army,Army_Rules.csv,3,Rule_Name,YES,AUTHORITATIVE,Visible army-rule name.
army,Army_Rules.csv,4,Short_Description,NO,AUTHORITATIVE,
army,Army_Rules.csv,5,Long_Description,NO,AUTHORITATIVE,
army,Unit_Weapon_Options.csv,1,Unit_ID,YES,GENERATED_COMPAT,Stable unique unit key.
army,Unit_Weapon_Options.csv,2,Option_Group_ID,YES,GENERATED_COMPAT,Generated compatibility output from canonical Loadout_* tables via generated Unit_Loadout_* compatibility tables; do not author directly.
army,Unit_Weapon_Options.csv,3,Group_Label,NO,GENERATED_COMPAT,Generated compatibility output from canonical Loadout_* tables via generated Unit_Loadout_* compatibility tables; do not author directly.
army,Unit_Weapon_Options.csv,4,Option_ID,YES,GENERATED_COMPAT,Generated compatibility output from canonical Loadout_* tables via generated Unit_Loadout_* compatibility tables; do not author directly.
army,Unit_Weapon_Options.csv,5,Option_Name,YES,GENERATED_COMPAT,Generated compatibility output from canonical Loadout_* tables via generated Unit_Loadout_* compatibility tables; do not author directly.
army,Unit_Weapon_Options.csv,6,Weapon_IDs,NO,GENERATED_COMPAT,Comma-separated Weapon_ID references.
army,Unit_Weapon_Options.csv,7,Ability_IDs,NO,GENERATED_COMPAT,Comma-separated Ability_ID references granted by this option.
army,Unit_Weapon_Options.csv,8,Points_Label_1,NO,GENERATED_COMPAT,Optional first option-specific unit-size label.
army,Unit_Weapon_Options.csv,9,Points_Cost_1,NO,GENERATED_COMPAT,Optional first option-specific unit-size cost.
army,Unit_Weapon_Options.csv,10,Points_Label_2,NO,GENERATED_COMPAT,Optional second option-specific unit-size label.
army,Unit_Weapon_Options.csv,11,Points_Cost_2,NO,GENERATED_COMPAT,Optional second option-specific unit-size cost.
army,Unit_Weapon_Options.csv,12,Default,NO,GENERATED_COMPAT,Generated compatibility output from canonical Loadout_* tables via generated Unit_Loadout_* compatibility tables; do not author directly.
army,Unit_Weapon_Options.csv,13,Sort_Order,NO,GENERATED_COMPAT,Generated compatibility output from canonical Loadout_* tables via generated Unit_Loadout_* compatibility tables; do not author directly.
army,Unit_Weapon_Options.csv,14,Preserve_Weapon_IDs,NO,GENERATED_COMPAT,Generated compatibility output from canonical Loadout_* tables via generated Unit_Loadout_* compatibility tables; do not author directly.
army,Unit_Weapon_Options.csv,15,Compatible_With,NO,GENERATED_COMPAT,Option compatibility expression; blank is valid.
universal,Universal_Abilities.csv,1,Ability_ID,YES,AUTHORITATIVE,
universal,Universal_Abilities.csv,2,Ability Name,YES,AUTHORITATIVE,
universal,Universal_Abilities.csv,3,Short Description,NO,AUTHORITATIVE,
universal,Universal_Abilities.csv,4,Long Description,NO,AUTHORITATIVE,
universal,Universal_Abilities.csv,5,Order,YES,AUTHORITATIVE,"Required canonical Ability sort order 0-9. The application does not infer order from Ability name, type, Tags, or Effects."
universal,Universal_Stratagems.csv,1,Detachment_ID,YES,AUTHORITATIVE,
universal,Universal_Stratagems.csv,2,Detachment_Name,NO,AUTHORITATIVE,
universal,Universal_Stratagems.csv,3,Item_Type,YES,AUTHORITATIVE,
universal,Universal_Stratagems.csv,4,Item_ID,YES,AUTHORITATIVE,
universal,Universal_Stratagems.csv,5,Item_Name,YES,AUTHORITATIVE,
universal,Universal_Stratagems.csv,6,Points,NO,AUTHORITATIVE,
universal,Universal_Stratagems.csv,7,CP_Cost,NO,AUTHORITATIVE,
universal,Universal_Stratagems.csv,8,Short_Description,NO,AUTHORITATIVE,
universal,Universal_Stratagems.csv,9,Long_Description,NO,AUTHORITATIVE,
army,Loadout_Options.csv,1,Loadout_Option_ID,YES,AUTHORITATIVE,Stable unique loadout option key.
army,Loadout_Options.csv,2,Unit_ID,YES,AUTHORITATIVE,Foreign key to Unit_Profiles.csv.
army,Loadout_Options.csv,3,Option_Group_ID,YES,AUTHORITATIVE,Stable option-group key within a unit.
army,Loadout_Options.csv,4,Group_Label,NO,AUTHORITATIVE,Visible option-group label.
army,Loadout_Options.csv,5,Option_ID,YES,AUTHORITATIVE,Stable semantic option key within the unit/group.
army,Loadout_Options.csv,6,Option_Name,YES,AUTHORITATIVE,Visible loadout option name.
army,Loadout_Options.csv,7,Default,YES,AUTHORITATIVE,Exactly one default option per unit/group.
army,Loadout_Options.csv,8,Sort_Order,YES,AUTHORITATIVE,Display order within the option group.
army,Loadout_Weapons.csv,1,Loadout_Option_ID,YES,AUTHORITATIVE,Foreign key to Loadout_Options.csv.
army,Loadout_Weapons.csv,2,Weapon_ID,YES,AUTHORITATIVE,Foreign key to Weapon_Stats.csv.
army,Loadout_Weapons.csv,3,Weapon_Role,YES,AUTHORITATIVE,SELECTED adds/replaces the option weapons; PRESERVE retains a base weapon.
army,Loadout_Weapons.csv,4,Sort_Order,YES,AUTHORITATIVE,Order within the selected or preserved weapon list.
army,Loadout_Abilities.csv,1,Loadout_Option_ID,YES,AUTHORITATIVE,Foreign key to Loadout_Options.csv.
army,Loadout_Abilities.csv,2,Ability_ID,YES,AUTHORITATIVE,Ability granted by selecting this loadout option.
army,Loadout_Abilities.csv,3,Sort_Order,YES,AUTHORITATIVE,Order within the option ability list.
army,Loadout_Points.csv,1,Loadout_Option_ID,YES,AUTHORITATIVE,Foreign key to Loadout_Options.csv.
army,Loadout_Points.csv,2,Point_Option_ID,YES,AUTHORITATIVE,Stable option-specific point slot key.
army,Loadout_Points.csv,3,Label,NO,AUTHORITATIVE,Option-specific unit-size label; blank is valid.
army,Loadout_Points.csv,4,Cost,NO,AUTHORITATIVE,Option-specific point cost; blank is valid for loadout-driven behavior.
army,Loadout_Points.csv,5,Sort_Order,YES,AUTHORITATIVE,Point-option display order.
army,Loadout_Compatibility.csv,1,Loadout_Option_ID,YES,AUTHORITATIVE,Foreign key to Loadout_Options.csv.
army,Loadout_Compatibility.csv,2,Required_Group_ID,YES,AUTHORITATIVE,Other option group constrained by this rule.
army,Loadout_Compatibility.csv,3,Compatible_Option_ID,YES,AUTHORITATIVE,Allowed option in Required_Group_ID; multiple rows are OR alternatives.
army,Loadout_Compatibility.csv,4,Rule_Order,YES,AUTHORITATIVE,Original compatibility rule order.
army,Loadout_Compatibility.csv,5,Option_Order,YES,AUTHORITATIVE,Original allowed-option order within the rule.
army,Unit_Loadout_Options.csv,1,Unit_ID,YES,GENERATED_COMPAT,Generated from canonical Loadout_Options.csv using Loadout_Option_ID; retained for current HTML compatibility.
army,Unit_Loadout_Options.csv,2,Option_Group_ID,YES,GENERATED_COMPAT,Generated from canonical Loadout_Options.csv using Loadout_Option_ID; retained for current HTML compatibility.
army,Unit_Loadout_Options.csv,3,Group_Label,NO,GENERATED_COMPAT,Generated from canonical Loadout_Options.csv using Loadout_Option_ID; retained for current HTML compatibility.
army,Unit_Loadout_Options.csv,4,Option_ID,YES,GENERATED_COMPAT,Generated from canonical Loadout_Options.csv using Loadout_Option_ID; retained for current HTML compatibility.
army,Unit_Loadout_Options.csv,5,Option_Name,YES,GENERATED_COMPAT,Generated from canonical Loadout_Options.csv using Loadout_Option_ID; retained for current HTML compatibility.
army,Unit_Loadout_Options.csv,6,Default,YES,GENERATED_COMPAT,Generated from canonical Loadout_Options.csv using Loadout_Option_ID; retained for current HTML compatibility.
army,Unit_Loadout_Options.csv,7,Sort_Order,YES,GENERATED_COMPAT,Generated from canonical Loadout_Options.csv using Loadout_Option_ID; retained for current HTML compatibility.
army,Unit_Loadout_Weapons.csv,1,Unit_ID,YES,GENERATED_COMPAT,Generated from canonical Loadout_Weapons.csv using Loadout_Option_ID; retained for current HTML compatibility.
army,Unit_Loadout_Weapons.csv,2,Option_Group_ID,YES,GENERATED_COMPAT,Generated from canonical Loadout_Weapons.csv using Loadout_Option_ID; retained for current HTML compatibility.
army,Unit_Loadout_Weapons.csv,3,Option_ID,YES,GENERATED_COMPAT,Generated from canonical Loadout_Weapons.csv using Loadout_Option_ID; retained for current HTML compatibility.
army,Unit_Loadout_Weapons.csv,4,Weapon_ID,YES,GENERATED_COMPAT,Generated from canonical Loadout_Weapons.csv using Loadout_Option_ID; retained for current HTML compatibility.
army,Unit_Loadout_Weapons.csv,5,Weapon_Role,YES,GENERATED_COMPAT,Generated from canonical Loadout_Weapons.csv using Loadout_Option_ID; retained for current HTML compatibility.
army,Unit_Loadout_Weapons.csv,6,Sort_Order,YES,GENERATED_COMPAT,Generated from canonical Loadout_Weapons.csv using Loadout_Option_ID; retained for current HTML compatibility.
army,Unit_Loadout_Abilities.csv,1,Unit_ID,YES,GENERATED_COMPAT,Generated from canonical Loadout_Abilities.csv using Loadout_Option_ID; retained for current HTML compatibility.
army,Unit_Loadout_Abilities.csv,2,Option_Group_ID,YES,GENERATED_COMPAT,Generated from canonical Loadout_Abilities.csv using Loadout_Option_ID; retained for current HTML compatibility.
army,Unit_Loadout_Abilities.csv,3,Option_ID,YES,GENERATED_COMPAT,Generated from canonical Loadout_Abilities.csv using Loadout_Option_ID; retained for current HTML compatibility.
army,Unit_Loadout_Abilities.csv,4,Ability_ID,YES,GENERATED_COMPAT,Generated from canonical Loadout_Abilities.csv using Loadout_Option_ID; retained for current HTML compatibility.
army,Unit_Loadout_Abilities.csv,5,Sort_Order,YES,GENERATED_COMPAT,Generated from canonical Loadout_Abilities.csv using Loadout_Option_ID; retained for current HTML compatibility.
army,Unit_Loadout_Points.csv,1,Unit_ID,YES,GENERATED_COMPAT,Generated from canonical Loadout_Points.csv using Loadout_Option_ID; retained for current HTML compatibility.
army,Unit_Loadout_Points.csv,2,Option_Group_ID,YES,GENERATED_COMPAT,Generated from canonical Loadout_Points.csv using Loadout_Option_ID; retained for current HTML compatibility.
army,Unit_Loadout_Points.csv,3,Option_ID,YES,GENERATED_COMPAT,Generated from canonical Loadout_Points.csv using Loadout_Option_ID; retained for current HTML compatibility.
army,Unit_Loadout_Points.csv,4,Point_Option_ID,YES,GENERATED_COMPAT,Generated from canonical Loadout_Points.csv using Loadout_Option_ID; retained for current HTML compatibility.
army,Unit_Loadout_Points.csv,5,Label,NO,GENERATED_COMPAT,Generated from canonical Loadout_Points.csv using Loadout_Option_ID; retained for current HTML compatibility.
army,Unit_Loadout_Points.csv,6,Cost,NO,GENERATED_COMPAT,Generated from canonical Loadout_Points.csv using Loadout_Option_ID; retained for current HTML compatibility.
army,Unit_Loadout_Points.csv,7,Sort_Order,YES,GENERATED_COMPAT,Generated from canonical Loadout_Points.csv using Loadout_Option_ID; retained for current HTML compatibility.
army,Unit_Loadout_Compatibility.csv,1,Unit_ID,YES,GENERATED_COMPAT,Generated from canonical Loadout_Compatibility.csv using Loadout_Option_ID; retained for current HTML compatibility.
army,Unit_Loadout_Compatibility.csv,2,Option_Group_ID,YES,GENERATED_COMPAT,Generated from canonical Loadout_Compatibility.csv using Loadout_Option_ID; retained for current HTML compatibility.
army,Unit_Loadout_Compatibility.csv,3,Option_ID,YES,GENERATED_COMPAT,Generated from canonical Loadout_Compatibility.csv using Loadout_Option_ID; retained for current HTML compatibility.
army,Unit_Loadout_Compatibility.csv,4,Required_Group_ID,YES,GENERATED_COMPAT,Generated from canonical Loadout_Compatibility.csv using Loadout_Option_ID; retained for current HTML compatibility.
army,Unit_Loadout_Compatibility.csv,5,Compatible_Option_ID,YES,GENERATED_COMPAT,Generated from canonical Loadout_Compatibility.csv using Loadout_Option_ID; retained for current HTML compatibility.
army,Unit_Loadout_Compatibility.csv,6,Rule_Order,YES,GENERATED_COMPAT,Generated from canonical Loadout_Compatibility.csv using Loadout_Option_ID; retained for current HTML compatibility.
army,Unit_Loadout_Compatibility.csv,7,Option_Order,YES,GENERATED_COMPAT,Generated from canonical Loadout_Compatibility.csv using Loadout_Option_ID; retained for current HTML compatibility.
army,Effects.csv,1,Effect_ID,YES,AUTHORITATIVE,Stable unique effect key.
army,Effects.csv,2,Source_Type,YES,AUTHORITATIVE,ABILITY or ENHANCEMENT.
army,Effects.csv,3,Source_ID,YES,AUTHORITATIVE,Foreign key to Ability_ID or Enhancement_ID according to Source_Type.
army,Effects.csv,4,Effect_Type,YES,AUTHORITATIVE,"STAT, POINTS_PER_MODEL, or KEYWORD."
army,Effects.csv,5,Target,YES,AUTHORITATIVE,Execution target; currently UNIT.
army,Effects.csv,6,Stat,YES,AUTHORITATIVE,"M/T/SV/W/LD/OC, PTS, or KEYWORD according to Effect_Type."
army,Effects.csv,7,Operation,YES,AUTHORITATIVE,"ADD, SET, or REMOVE according to Effect_Type."
army,Effects.csv,8,Value,YES,AUTHORITATIVE,Machine-readable effect value.
army,Effects.csv,9,Display_Tag,YES,AUTHORITATIVE,Exact visible compatibility tag preserved for Short Description badge presentation and older HTML.
army,Effects.csv,10,Sort_Order,YES,AUTHORITATIVE,Effect order within its source.
universal,Dispositions.csv,1,Disposition_ID,YES,AUTHORITATIVE,Stable canonical Disposition key.
universal,Dispositions.csv,2,Disposition_Name,YES,AUTHORITATIVE,Visible Disposition name.
universal,Dispositions.csv,3,Sort_Order,YES,AUTHORITATIVE,Canonical Disposition display order.
universal,Primary_Missions.csv,1,Primary_Mission_ID,YES,AUTHORITATIVE,Stable canonical Primary Mission key.
universal,Primary_Missions.csv,2,Disposition_ID,YES,AUTHORITATIVE,Foreign key to Dispositions.csv; owning Disposition deck.
universal,Primary_Missions.csv,3,Mission_Name,YES,AUTHORITATIVE,Visible Primary Mission name.
universal,Primary_Missions.csv,4,Sort_Order,YES,AUTHORITATIVE,Mission order within its Disposition deck.
universal,Primary_Mission_Matchups.csv,1,Matchup_ID,YES,AUTHORITATIVE,Stable key YOUR_DISPOSITION__VS__OPPONENT_DISPOSITION.
universal,Primary_Mission_Matchups.csv,2,Your_Disposition_ID,YES,AUTHORITATIVE,Foreign key to Dispositions.csv for the player Disposition.
universal,Primary_Mission_Matchups.csv,3,Opponent_Disposition_ID,YES,AUTHORITATIVE,Foreign key to Dispositions.csv for the opposing Disposition.
universal,Primary_Mission_Matchups.csv,4,Primary_Mission_ID,YES,AUTHORITATIVE,Foreign key to Primary_Missions.csv.
universal,Tag_Definitions.csv,1,Tag_ID,YES,AUTHORITATIVE,Stable unique Tag definition key.
universal,Tag_Definitions.csv,2,Display_Tag,YES,AUTHORITATIVE,"Exact visible Tag text shown in the application; weapon scope is carried by Category/Target, not an (M)/(R) suffix."
universal,Tag_Definitions.csv,3,Title,NO,AUTHORITATIVE,Human-readable Tag title.
universal,Tag_Definitions.csv,4,Category,YES,AUTHORITATIVE,"Picker/runtime category such as Unit Stats, Melee - Weapon Stats, Range - Weapon Rules, or Points."
universal,Tag_Definitions.csv,5,Affects,NO,AUTHORITATIVE,Human-readable scope summary.
universal,Tag_Definitions.csv,6,Description,NO,AUTHORITATIVE,User-facing explanation of the Tag effect.
universal,Tag_Definitions.csv,7,Editable,YES,AUTHORITATIVE,TRUE when the Tag can be selected/edited in roster UI.
universal,Tag_Definitions.csv,8,Effect_Type,YES,AUTHORITATIVE,"Structured effect family such as STAT, WEAPON_STAT, or POINTS_PER_MODEL."
universal,Tag_Definitions.csv,9,Target,YES,AUTHORITATIVE,"Structured scope such as UNIT, MELEE, or RANGE."
universal,Tag_Definitions.csv,10,Stat,NO,AUTHORITATIVE,"Structured characteristic such as M, W, A, S, AP, D, or PTS."
universal,Tag_Definitions.csv,11,Operation,YES,AUTHORITATIVE,"Structured operation such as ADD, IMPROVE, SET, or REMOVE."
universal,Tag_Definitions.csv,12,Value,NO,AUTHORITATIVE,Machine-readable effect value.
universal,Tag_Definitions.csv,13,Sort_Order,YES,AUTHORITATIVE,Canonical display order within the universal Tag library.
