Unit_ID,Unit Name,Ability_IDs,Core_Ability_IDs,Weapon_IDs,"M""",T,SV,W,LD,OC,Keywords,Hyperlink,Points_Label_1,Points_Cost_1,Points_Label_2,Points_Cost_2,Points_Label_3,Points_Cost_3,Points_Label_4,Points_Cost_4
ADRAX_AGATONE,Adrax Agatone,"UNTO_THE_ANVIL, LORD_OF_THE_PYROCLASTS",,"DRAKKIS, MALLEUS_NOCTUM","6""",4,2+ / 4++,5,6+,1,"INFANTRY, CHARACTER, EPIC HERO, IMPERIUM, TACTICUS, CAPTAIN, ADRAX AGATONE",https://wahapedia.ru/wh40k11ed/factions/space-marines/Adrax-Agatone,,80,,,,,,
AETHON_SHAAN,Aethon Shaan,"MASTER_OF_SHADOWS, BLACKWING_MANTLE, UNPARALLELED_TACTICIAN, CHAPTER_MASTER_OF_THE_RAVEN_GUARD","DEEP_STRIKE, LONE_OPERATIVE, STEALTH","HEAVY_BOLT_PISTOL_AETHON, CLAWS_OF_SEVERAX","14""",4,3+ / 4++,5,6,1,"INFANTRY, CHARACTER, EPIC HERO, FLY, JUMP PACK, IMPERIUM, TACTICUS, CHAPTER MASTER, AETHON SHAAN",https://wahapedia.ru/wh40k11ed/factions/space-marines/Aethon-Shaan,,100,,,,,,
AGGRESSORS,Aggressors,CLOSE_QUARTERS_FIREPOWER,,"FLAMESTORM_GAUNTLETS, TWIN_POWER_FISTS","5""",6,3+,3,6,1,"INFANTRY, IMPERIUM, GRAVIS, AGGRESSOR SQUAD",https://wahapedia.ru/wh40k11ed/factions/space-marines/Aggressor-Squad,,80,,,,,,
NEW_ANCIENT,Ancient (New),"NEW_RELIC_BANNER, NEW_UNBREAKABLE_RESOLVE, SUPPORT_ANCIENT",,"NEW_BOLT_PISTOL, BOLT_RIFLE_INTERCESSORS, NEW_CLOSE_COMBAT_WEAPON_ANCIENT","6""",4,3+,4,6+,1,"INFANTRY, CHARACTER, GRENADES, IMPERIUM, TACTICUS, ANCIENT",https://wahapedia.ru/wh40k11ed/factions/space-marines/Ancient,,40,,,,,,
ANCIENT_IN_TERMINATOR_ARMOUR_FIST,Ancient Terminator (Fist),"ASTARTES_BANNER, KEEP_THE_BANNER_HIGH, TERMINATOR_STORM_SHIELD, SUPPORT_ANCIENT_IN_TERMINATOR_ARMOUR",DEEP_STRIKE,"STORM_BOLTER_TERMINATORS, POWER_FIST_ANCIENT","5""",5,2+ / 4++,6,6,1,"INFANTRY, CHARACTER, IMPERIUM, TERMINATOR, ANCIENT, DEATHWING",https://wahapedia.ru/wh40k11ed/factions/space-marines/Ancient-In-Terminator-Armour,,65,,,,,,
ANCIENT_IN_TERMINATOR_ARMOUR_HAMMER,Ancient Terminator (Thunder Hammer),"ASTARTES_BANNER, KEEP_THE_BANNER_HIGH, TERMINATOR_STORM_SHIELD, SUPPORT_ANCIENT_IN_TERMINATOR_ARMOUR",DEEP_STRIKE,"STORM_BOLTER_TERMINATORS, THUNDER_HAMMER_ANCIENT","5""",5,2+ / 4++,6,6,1,"INFANTRY, CHARACTER, IMPERIUM, TERMINATOR, ANCIENT, DEATHWING",https://wahapedia.ru/wh40k11ed/factions/space-marines/Ancient-In-Terminator-Armour,,65,,,,,,
ASSAULT_INTERCESSORS,Assault Intercessors,SHOCK_ASSAULT,,"HEAVY_BOLT_PISTOL, ASTARTES_CHAINSWORD_INTERCESSORS, PLASMA_PISTOL_STANDARD_TROOPS, PLASMA_PISTOL_SUPERCHARGE_TROOPS, POWER_FIST_TROOPS","6""",4,3+,2,6,2,"INFANTRY, BATTLELINE, GRENADES, IMPERIUM, TACTICUS, ASSAULT INTERCESSOR SQUAD",https://wahapedia.ru/wh40k11ed/factions/space-marines/Assault-Intercessor-Squad,x5,75,x10,150,,,,
ASSAULT_INTERCESSORS_WITH_JUMP_PACKS,Assault Intercessors with Jump Packs,"HAMMER_OF_WRATH, ASSAULT_INTERCESSORS_WITH_JUMP_PACKS_WARGEAR",DEEP_STRIKE,"HEAVY_BOLT_PISTOL, ASTARTES_CHAINSWORD_INTERCESSORS, PLASMA_PISTOL_STANDARD_TROOPS, PLASMA_PISTOL_SUPERCHARGE_TROOPS, POWER_FIST_TROOPS","12""",4,3+,2,6,1,"INFANTRY, GRENADES, JUMP PACK, FLY, IMPERIUM, TACTICUS, ASSAULT INTERCESSORS WITH JUMP PACKS",https://wahapedia.ru/wh40k11ed/factions/space-marines/Assault-Intercessors-With-Jump-Packs,x5,85,x10,160,,,,
AZRAEL,Azrael,"SUPREME_GRAND_MASTER, THE_LION_HELM, LEADER_AZRAEL, MASTERFUL_TACTICIAN",,"LIONS_WRATH, THE_SWORD_OF_SECRETS","6""",4,2+ / 4++,6,6,1,"INFANTRY, CHARACTER, EPIC HERO, GRENADES, IMPERIUM, DEATHWING, TACTICUS, CHAPTER MASTER, AZRAEL",https://wahapedia.ru/wh40k11ed/factions/space-marines/Azrael,,140,,,,,,
BALLISTUS,Ballistus,BALLISTUS_STRIKE,"DAMAGED_1_4, DEADLY_DEMISE_D3","BALLISTUS_LASCANNON, BALLISTUS_MISSILE_LAUNCHER_FRAG, BALLISTUS_MISSILE_LAUNCHER_KRAK, TWIN_STORM_BOLTER, ARMOURED_FEET","8""",10,2+,12,6,4,"VEHICLE, WALKER, IMPERIUM, DREADNOUGHT, BALLISTUS DREADNOUGHT, DEATHWING",https://wahapedia.ru/wh40k11ed/factions/space-marines/Ballistus-Dreadnought,x1,150,x2,300,,,,
BELIAL,Belial,"GRAND_MASTER_OF_THE_DEATHWING, STRIKES_OF_RETRIBUTION, LEADER_BELIAL",DEEP_STRIKE,"MASTER_CRAFTED_STORM_BOLTER_BELIAL, THE_SWORD_OF_SILENCE","5""",5,2+ / 4++,6,6,1,"INFANTRY, CHARACTER, EPIC HERO, IMPERIUM, DEATHWING, TERMINATOR, CAPTAIN, BELIAL",https://wahapedia.ru/wh40k11ed/factions/space-marines/Belial,,75,,,,,,
BLADEGUARD_VETS,Bladeguard Vets,BLADEGUARD,,"HEAVY_BOLT_PISTOL, MASTER_CRAFTED_POWER_WEAPON_BLADEGUARD, PLASMA_PISTOL_STANDARD_TROOPS, PLASMA_PISTOL_SUPERCHARGE_TROOPS","6""",4,3+ / 4++,3,6,1,"INFANTRY, GRENADES, IMPERIUM, TACTICUS, BLADEGUARD VETERAN SQUAD, DEATHWING",https://wahapedia.ru/wh40k11ed/factions/space-marines/Bladeguard-Veteran-Squad,x3,80,x6,160,,,,
BRUTALIS,Brutalis,BRUTALIS_CHARGE,DEADLY_DEMISE_D3,"TWIN_MULTI_MELTA, TWIN_IRONHAIL_HEAVY_STUBBER, BRUTALIS_TALONS_STRIKE, BRUTALIS_TALONS_SWEEP","8""",10,2+,12,6,4,"VEHICLE, WALKER, IMPERIUM, DREADNOUGHT, BRUTALIS DREADNOUGHT",https://wahapedia.ru/wh40k11ed/factions/space-marines/Brutalis-Dreadnought-UL,,150,,,,,,
CAANOK_VAR,Caanok Var,"COLD_AND_CALCULATING, CEREBREX_LOGIC_ENGINE, CAANOK_HAMMER","FEEL_NO_PAIN_5, DEEP_STRIKE","STORM_BOLTER_LEADERS, AXIOM_STRIKE, AXIOM_SWEEP","5""",5,2+ / 4++,6,6,1,"INFANTRY, CHARACTER, EPIC HERO, IMPERIUM, TERMINATOR, CAPTAIN, CAANOK VAR",https://wahapedia.ru/wh40k11ed/factions/space-marines/Caanok-Var,,90,,,,,,
CALLIDUS_ASSASSIN,Callidus Assassin,"ACROBATIC_ESCAPE, REIGN_OF_CONFUSION","LONE_OPERATIVE, FIGHTS_FIRST, DEEP_STRIKE, INFILTRATORS","NEURAL_SHREDDER, PHASE_SWORD_AND_POISON_BLADES","7""",4,6+ / 4++,4,6,1,"INFANTRY, CHARACTER, EPIC HERO, IMPERIUM, OFFICIO ASSASSINORUM, CALLIDUS ASSASSIN",https://wahapedia.ru/wh40k11ed/factions/imperial-agents/Callidus-Assassin,,100,,,,,,
CAPTAIN_FIST_PLASMA,Captain (Fist & Plasma),"RITES_OF_BATTLE, FINEST_HOUR, LEADER_CAPTAIN",,"PLASMA_PISTOL_STANDARD_LEADER, PLASMA_PISTOL_SUPERCHARGE_LEADER, POWER_FIST_CAPTAIN","6""",4,3+ / 4++,5,6,1,"INFANTRY, CHARACTER, GRENADES, IMPERIUM, TACTICUS, CAPTAIN",https://wahapedia.ru/wh40k11ed/factions/space-marines/Captain,,80,,,,,,
CAPTAIN_SWORD_SHIELD,Captain (Sword & Shield),"RITES_OF_BATTLE, FINEST_HOUR, RELIC_SHIELD, LEADER_CAPTAIN",,"HEAVY_BOLT_PISTOL_CAPTAIN, MASTER_CRAFTED_POWER_WEAPON_CHAMPION","6""",4,3+ / 4++,6,6,1,"INFANTRY, CHARACTER, GRENADES, IMPERIUM, TACTICUS, CAPTAIN",https://wahapedia.ru/wh40k11ed/factions/space-marines/Captain,,80,,,,,,
CAPTAIN_IN_GRAVIS_ARMOUR,Captain In Gravis Armour (Fist),"RITES_OF_BATTLE, REFUSE_TO_YIELD, LEADER_CAPTAIN_IN_GRAVIS_ARMOUR",,"BOLTSTORM_GAUNTLET, POWER_FIST_LEADERS, RELIC_FIST","5""",6,3+ / 4++,6,6,1,"INFANTRY, CHARACTER, GRENADES, IMPERIUM, GRAVIS, CAPTAIN",https://wahapedia.ru/wh40k11ed/factions/space-marines/Captain-In-Gravis-Armour,,80,,,,,,
CAPTAIN_IN_TERMINATOR_ARMOUR,Captain In Terminator Armour,"RITES_OF_BATTLE, THE_IMPERIUMS_SWORD, LEADER_CAPTAIN_IN_TERMINATOR_ARMOUR",DEEP_STRIKE,"STORM_BOLTER_LEADERS, RELIC_FIST","5""",5,2+ / 4++,6,6,1,"INFANTRY, CHARACTER, IMPERIUM, TERMINATOR, CAPTAIN, DEATHWING",https://wahapedia.ru/wh40k11ed/factions/space-marines/Captain-In-Terminator-Armour,,85,,,,,,
CAPTAIN_WITH_JUMP_PACK_HAMMER_SHIELD,Captain with Jump Pack (Hammer & Shield),"ANGELS_WRATH, RITES_OF_BATTLE, RELIC_SHIELD, LEADER_CAPTAIN_WITH_JUMP_PACK",DEEP_STRIKE,THUNDER_HAMMER_JUMP_CAPTAIN,"12""",4,3+ / 4++,6,6,1,"INFANTRY, CHARACTER, JUMP PACK, FLY, GRENADES, IMPERIUM, TACTICUS, CAPTAIN",https://wahapedia.ru/wh40k11ed/factions/space-marines/Captain-With-Jump-Pack,,75,,,,,,
NEW_CAPTAIN_WITH_RELIC_SHIELD,Captain with Relic Shield (New),"NEW_RITES_OF_BATTLE, NEW_FINEST_HOUR, NEW_RELIC_SHIELD, LEADER_CAPTAIN",LEADER (New),"NEW_HEAVY_BOLT_PISTOL_CAPTAIN_WITH_RELIC_SHIELD, MASTER_CRAFTED_POWER_WEAPON_CHAMPION","6""",4,3+ / 4++,6,6+,1,"INFANTRY, CHARACTER, GRENADES, IMPERIUM, TACTICUS, CAPTAIN WITH RELIC SHIELD",https://wahapedia.ru/wh40k11ed/factions/space-marines/Captain,,80,,,,,,
CENTURION_DEVASTATOR_SQUAD,Centurion Devastator Squad,DECIMATOR_PROTOCOLS,,"CENTURION_TWIN_LASCANNON, CENTURION_MISSILE_LAUNCHER, CENTURION_FISTS","4""",7,2+,4,6,2,"INFANTRY, IMPERIUM, CENTURION, CENTURION DEVASTATOR SQUAD",https://wahapedia.ru/wh40k11ed/factions/space-marines/Centurion-Devastator-Squad,x3,175,x6,365,,,,
CHAPLAIN_BIKE,Chaplain (Bike),"LITANY_OF_HATE, CATECHISM_OF_FIRE, LEADER_CHAPLAIN_ON_BIKE",,"TWIN_BOLT_RIFLE, ABSOLVOR_BOLT_PISTOL, CROZIUS_ARCANUM","12""",5,3+ / 4++,5,5,1,"MOUNTED, CHARACTER, GRENADES, IMPERIUM, CHAPLAIN",https://wahapedia.ru/wh40k11ed/factions/space-marines/Chaplain-On-Bike,,70,,,,,,
CHAPLAIN_TERMINATOR,Chaplain (Terminator),"LITANY_OF_HATE, RECITATION_OF_FAITH, RELIC_SHIELD, LEADER_CHAPLAIN_IN_TERMINATOR_ARMOUR",DEEP_STRIKE,CROZIUS_ARCANUM,"5""",5,2+ / 4++,6,5+,1,"INFANTRY, CHARACTER, IMPERIUM, TERMINATOR, CHAPLAIN, DEATHWING",https://wahapedia.ru/wh40k11ed/factions/space-marines/Chaplain-In-Terminator-Armour,,75,,,,,,
NEW_CHAPLAIN_WITH_JUMP_PACK,Chaplain with Jump Pack (New),"NEW_LITANY_OF_HATE, NEW_EXHORTATION_OF_RAGE, LEADER_CHAPLAIN_WITH_JUMP_PACK","DEEP STRIKE (New), LEADER (New)","NEW_ABSOLVOR_BOLT_PISTOL, CROZIUS_ARCANUM","12""",4,3+ / 4++,4,5+,1,"INFANTRY, CHARACTER, JUMP PACK, FLY, IMPERIUM, CHAPLAIN WITH JUMP PACK",https://wahapedia.ru/wh40k11ed/factions/space-marines/Chaplain-With-Jump-Pack,,75,,,,,,
COMPANY_HEROES,Company Heroes,"COMMAND_SQUAD, ASTARTES_BANNER_CH, COMPOSITION_CH",,"BOLT_PISTOL_X4_CH, BOLT_RIFLE_X1_CH, MASTER_CRAFTED_BOLT_RIFLE_X1_CH, MASTER_CRAFTED_HEAVY_BOLTER_X1_CH, CLOSE_COMBAT_WEAPON_X3_CH, MASTER_CRAFTED_POWER_WEAPON_X1_CH","6""",4,3+,4,6,1,"ALL MODELS: INFANTRY, GRENADES, IMPERIUM, TACTICUS, COMPANY HEROESANCIENT: ANCIENT",https://wahapedia.ru/wh40k11ed/factions/space-marines/Company-Heroes,,105,,,,,,
DARNATH_LYSANDER,Darnath Lysander,"ICON_OF_OBSTINACY, RAMPART, WRATH_OF_DORN, INSPIRING_COMMANDER_LYSANDER",DEEP_STRIKE,FIST_OF_DORN,"5""",5,2+ / 4++,7,6,1,"INFANTRY, CHARACTER, EPIC HERO, IMPERIUM, TERMINATOR, CAPTAIN, DARNATH LYSANDER",https://wahapedia.ru/wh40k11ed/factions/space-marines/Darnath-Lysander,,100,,,,,,
DEATHWING_KNIGHTS,Deathwing Knights,"INNER_CIRCLE, Teleport_Homer, WATCHER_IN_THE_DARK, MATHAMMER_DEATHWING_KNIGHTS",DEEP_STRIKE,"GREAT_WEAPON_OF_THE_UNFORGIVEN, MACE_OF_ABSOLUTION","5""",5,2+ / 4++,4,6,1,"INFANTRY, IMPERIUM, DEATHWING, TERMINATOR, DEATHWING KNIGHTS",https://wahapedia.ru/wh40k11ed/factions/space-marines/Deathwing-Knights,5x1,240,5x2,500,,,,
DEATHWING_TERMINATORS,Deathwing Terminators,"DEATHWING, Teleport_Homer, WATCHER_IN_THE_DARK",DEEP_STRIKE,"CHAINFIST, STORM_BOLTER_TERMINATORS, CYCLONE_MISSLINE_FRAG, CYCLONE_MISSLINE_KRAK","5""",5,2+ / 4++,3,6,1,"INFANTRY, IMPERIUM, DEATHWING, TERMINATOR, DEATHWING TERMINATOR SQUAD",https://wahapedia.ru/wh40k11ed/factions/space-marines/Deathwing-Terminator-Squad,x5,165,x10,330,,,,
DESOLATION_SQUAD,Desolation Squad,TARGETER_OPTICS,,"CASTELLAN_LAUNCHER, VENGOR_LAUNCHER, SUPERKRAK_ROCKET_LAUNCHER, BOLT_PISTOL_INTERCESSORS, CLOSE_COMBAT_WEAPON_INTERCESSORS","6""",4,3+,2,6,1,"INFANTRY, GRENADES, IMPERIUM, TACTICUS, DESOLATION SQUAD",https://wahapedia.ru/wh40k11ed/factions/space-marines/Desolation-Squad,,180,,,,,,
ELIMINATOR_SQUAD,Eliminator Squad,"MARK_THE_TARGET, REPOSITION_UNDER_COVERING_FIRE","INFILTRATORS, STEALTH","BOLT_SNIPER_RIFLE, BOLT_PISTOL_INTERCESSORS, CLOSE_COMBAT_WEAPON_INTERCESSORS","6""",4,3+,2,6,1,"INFANTRY, GRENADES, IMPERIUM, PHOBOS, ELIMINATOR SQUAD",https://wahapedia.ru/wh40k11ed/factions/space-marines/Eliminator-Squad,,75,,,,,,
ERADICATOR_SQUAD_HEAVY_BOLTERS,Eradicator Squad (Heavy Bolters),TOTAL_OBLITERATION,,"BOLT_PISTOL_INTERCESSORS, HEAVY_BOLTER_ERADICATORS, CLOSE_COMBAT_WEAPON_INTERCESSORS","5""",6,3+,3,6,1,"INFANTRY, IMPERIUM, GRAVIS, ERADICATOR SQUAD, ERADICATOR SQUAD WITH HEAVY BOLTERS",https://wahapedia.ru/wh40k11ed/factions/space-marines/Eradicator-Squad,x3,80,x6,160,,,,
ERADICATOR_SQUAD_MELTA,Eradicator Squad (Melta),TOTAL_OBLITERATION,,"MULTI_MELTA_ERADICATORS, MELTA_RIFLE, CLOSE_COMBAT_WEAPON_INTERCESSORS","5""",6,3+,3,6,1,"INFANTRY, GRENADES, IMPERIUM, GRAVIS, ERADICATOR SQUAD",https://wahapedia.ru/wh40k11ed/factions/space-marines/Eradicator-Squad,x3,90,x6,180,,,,
NEW_ERADICATOR_SQUAD_WITH_HEAVY_BOLTERS,Eradicator Squad with Heavy Bolters (New),TOTAL_OBLITERATION,,"NEW_BOLT_PISTOL, HEAVY_BOLTER_ERADICATORS, CLOSE_COMBAT_WEAPON_INTERCESSORS","5""",6,3+,3,6+,1,"INFANTRY, IMPERIUM, GRAVIS, ERADICATOR SQUAD, ERADICATOR SQUAD WITH HEAVY BOLTERS",https://wahapedia.ru/wh40k11ed/factions/space-marines/Eradicator-Squad,x3,80,x6,160,,,,
GLADIATOR_LANCER,Gladiator Lancer,AQUILON_OPTICS,"DEADLY_DEMISE_D3, DAMAGED_1_4","LANCER_LASER_DESTROYER, ICARUS_ROCKET_POD, IRONHAIL_HEAVY_STUBBER, STORM_BOLTER_X2, ARMOURED_HULL","10""",10,3+,12,6,3,"VEHICLE, SMOKE, IMPERIUM, GLADIATOR LANCER",https://wahapedia.ru/wh40k11ed/factions/space-marines/Gladiator-Lancer,,160,,,,,,
GLADIATOR_REAPER,Gladiator Reaper,ROTATING_DEATH,"DEADLY_DEMISE_D3, DAMAGED_1_4","TWIN_HEAVY_ONSLAUGHT_GATLING_CANNON, ICARUS_ROCKET_POD, IRONHAIL_HEAVY_STUBBER, TEMPEST_BOLTER_X2, ARMOURED_HULL","10""",10,3+,12,6,3,"VEHICLE, SMOKE, IMPERIUM, GLADIATOR REAPER",https://wahapedia.ru/wh40k11ed/factions/space-marines/Gladiator-Reaper,,160,,,,,,
GLADIATOR_VALIANT,Gladiator Valiant,FEROCIOUS_ASSAULT,"DEADLY_DEMISE_D3, DAMAGED_1_4","TWIN_LAS_TALON, TWIN_MULTI_MELTA, ICARUS_ROCKET_POD, IRONHAIL_HEAVY_STUBBER, ARMOURED_HULL","10""",10,3+,12,6,3,"VEHICLE, SMOKE, IMPERIUM, GLADIATOR VALIANT",https://wahapedia.ru/wh40k11ed/factions/space-marines/Gladiator-Valiant,,150,,,,,,
HEAVY_INTERCESSORS,Heavy Intercessors,UNYIELDING_IN_THE_FACE_OF_THE_FOE,,"HEAVY_BOLTER_HEAVY_INTERCESSORS, HEAVY_BOLT_RIFLE, BOLT_PISTOL_INTERCESSORS, CLOSE_COMBAT_WEAPON_INTERCESSORS","5""",6,3+,3,6,2,"INFANTRY, BATTLELINE, GRENADES, IMPERIUM, GRAVIS, HEAVY INTERCESSOR SQUAD",https://wahapedia.ru/wh40k11ed/factions/space-marines/Heavy-Intercessor-Squad,x5,100,x10,200,,,,
HELLBLASTER_SQUAD,Hellblaster Squad,FOR_THE_CHAPTER,,"PLASMA_INCINERATOR_STANDARD, PLASMA_INCINERATOR_SUPERCHARGE, BOLT_PISTOL_INTERCESSORS, PLASMA_PISTOL_STANDARD_TROOPS, PLASMA_PISTOL_SUPERCHARGE_TROOPS, CLOSE_COMBAT_WEAPON_INTERCESSORS","6""",4,3+,2,6+,1,"INFANTRY, GRENADES, IMPERIUM, TACTICUS, HELLBLASTER SQUAD",https://wahapedia.ru/wh40k11ed/factions/space-marines/Hellblaster-Squad,x5,110,x10,220,,,,
IMPULSOR_Orbital,Impulsor,"ASSAULT_VEHICLE, SHIELD_DOME, TRANSPORT_IMPULSOR","FIRING_DECK_6, DEADLY_DEMISE_D3",STORM_BOLTER_X2,"12""",9,3+,11,6+,2,"VEHICLE, TRANSPORT, DEDICATED TRANSPORT, IMPERIUM, IMPULSOR",https://wahapedia.ru/wh40k11ed/factions/space-marines/Impulsor,,70,,,,,,
INCEPTORS_BOLTERS,Inceptors (Bolters),METEORIC_DESCENT,DEEP_STRIKE,"ASSAULT_BOLTERS, CLOSE_COMBAT_WEAPON_INTERCESSORS","10""",6,3+,3,6,1,"INFANTRY, JUMP PACK, FLY, IMPERIUM, GRAVIS, INCEPTOR SQUAD",https://wahapedia.ru/wh40k11ed/factions/space-marines/Inceptor-Squad,x3,125,x6,250,,,,
INCEPTORS_PLASMA,Inceptors (Plasma),METEORIC_DESCENT,DEEP_STRIKE,"PLASMA_EXTERMINATORS_STANDARD, PLASMA_EXTERMINATORS_SUPERCHARGE, CLOSE_COMBAT_WEAPON_INTERCESSORS","10""",6,3+,3,6,1,"INFANTRY, JUMP PACK, FLY, IMPERIUM, GRAVIS, INCEPTOR SQUAD",https://wahapedia.ru/wh40k11ed/factions/space-marines/Inceptor-Squad,x3,125,x6,250,,,,
INCURSORS,Incursors,"MULTI_SPECTRUM_ARRAY, HAYWIRE_MINE",SCOUTS_6,"OCCULUS_BOLT_CARBINE, BOLT_PISTOL_INTERCESSORS, PAIRED_COMBAT_BLADES","6""",4,3+,2,6,1,"INFANTRY, GRENADES, SMOKE, IMPERIUM, PHOBOS, INCURSOR SQUAD",https://wahapedia.ru/wh40k11ed/factions/space-marines/Incursor-Squad,,85,,,,,,
INFERNUS_SQUAD,Infernus,INCENDIARY_TERROR,,"PYREBLASTER, BOLT_PISTOL_INTERCESSORS, CLOSE_COMBAT_WEAPON_INTERCESSORS","6""",4,3+,2,6,1,"INFANTRY, GRENADES, IMPERIUM, TACTICUS, INFERNUS SQUAD",https://wahapedia.ru/wh40k11ed/factions/space-marines/Infernus-Squad,x5,85,x10,180,,,,
INFILTRATORS,Infiltrators,"OMNI_SCRAMBLERS, HELIX_GAUNTLET, INFILTRATOR_COMMS_ARRAY",INFILTRATORS,"MARKSMAN_BOLT_CARBINE, BOLT_PISTOL_INTERCESSORS, CLOSE_COMBAT_WEAPON_INTERCESSORS","6""",4,3+,2,6,1,"INFANTRY, GRENADES, SMOKE, IMPERIUM, PHOBOS, INFILTRATOR SQUAD",https://wahapedia.ru/wh40k11ed/factions/space-marines/Infiltrator-Squad,,110,,,,,,
INNER_CIRCLE_COMPANIONS,Inner Circle Companions,"BRAZIERS_OF_JUDGEMENT, ENMITY_FOR_THE_UNWORTHY",,"HEAVY_BOLT_PISTOL, CALIBANITE_GREATSWORD_STRIKE, CALIBANITE_GREATSWORD_SWEEP","6""",4,3+,3,6,2,"INFANTRY, IMPERIUM, DEATHWING, TACTICUS, INNER CIRCLE COMPANIONS",https://wahapedia.ru/wh40k11ed/factions/space-marines/Inner-Circle-Companions,x3,80,x6,160,,,,
NEW_INTERCESSOR_SQUAD,Intercessors (New),"NEW_OBJECTIVE_SECURED, NEW_HAIL_OF_BOLTS, NEW_INTERCESSOR_SQUAD_LOADOUT",,"NEW_BOLT_PISTOL, BOLT_RIFLE_INTERCESSORS, ASTARTES_GRENADE_LAUNCHER_FRAG, ASTARTES_GRENADE_LAUNCHER_KRAK, NEW_CHAINSWORD_INTERCESSORS, CLOSE_COMBAT_WEAPON_INTERCESSORS","6""",4,3+,2,6+,2,"INFANTRY, BATTLELINE, GRENADES, IMPERIUM, TACTICUS, INTERCESSOR SQUAD",https://wahapedia.ru/wh40k11ed/factions/space-marines/Intercessor-Squad,x5,80,x10,150,,,,
INTERCESSORS,Intercessors,"OBJECTIVE_SECURED, NEW_HAIL_OF_BOLTS",,"BOLT_RIFLE_INTERCESSORS, ASTARTES_GRENADE_LAUNCHER_FRAG, ASTARTES_GRENADE_LAUNCHER_KRAK, BOLT_PISTOL_INTERCESSORS, CLOSE_COMBAT_WEAPON_INTERCESSORS, PLASMA_PISTOL_STANDARD_TROOPS, PLASMA_PISTOL_SUPERCHARGE_TROOPS, THUNDER_HAMMER_TROOPS","6""",4,3+,2,6,2,"INFANTRY, BATTLELINE, GRENADES, IMPERIUM, TACTICUS, INTERCESSOR SQUAD",https://wahapedia.ru/wh40k11ed/factions/space-marines/Intercessor-Squad,,80,,,,,,
INVADER_ATV_GATTLING_CANNON,Invader ATV (Gattling Cannon),OUTRIDER_ESCORT,,"ONSLAUGHT_GATLING_CANNON, TWIN_BOLT_RIFLE, BOLT_PISTOL_INTERCESSORS, CLOSE_COMBAT_WEAPON_ATV","12""",5,3+,8,6,2,"MOUNTED, GRENADES, IMPERIUM, INVADER ATV, RAVENWING, FRAME",https://wahapedia.ru/wh40k11ed/factions/space-marines/Invader-ATV,,60,,,,,,
INVADER_ATV_MELTA,Invader ATV (Melta),OUTRIDER_ESCORT,,"MULTI_MELTA_ATV, TWIN_BOLT_RIFLE, BOLT_PISTOL_INTERCESSORS, CLOSE_COMBAT_WEAPON_ATV","12""",5,3+,8,6,2,"MOUNTED, GRENADES, IMPERIUM, INVADER ATV, RAVENWING, FRAME",https://wahapedia.ru/wh40k11ed/factions/space-marines/Invader-ATV,,60,,,,,,
INVICTOR_FLAMER,Invictor (Incendium Cannon),COMBAT_SUPPORT,"SCOUTS_8, DEADLY_DEMISE_D3","INCENDIUM_CANNON, HEAVY_BOLTER_INVICTOR, TWIN_IRONHAIL_HEAVY_STUBBER, FRAGSTORM_GRENADE_LAUNCHER, INVICTOR_FIST","8""",8,3+,12,6,4,"VEHICLE, WALKER, IMPERIUM, PHOBOS, INVICTOR TACTICAL WARSUIT",https://wahapedia.ru/wh40k11ed/factions/space-marines/Invictor-Tactical-Warsuit,,125,,,,,,
INVICTOR_AUTOCANNON,Invictor (Twin-Autocannon),COMBAT_SUPPORT,"SCOUTS_8, DEADLY_DEMISE_D3","TWIN_IRONHAIL_AUTOCANNON, HEAVY_BOLTER_INVICTOR, TWIN_IRONHAIL_HEAVY_STUBBER, FRAGSTORM_GRENADE_LAUNCHER, INVICTOR_FIST","8""",8,3+,12,6,4,"VEHICLE, WALKER, IMPERIUM, PHOBOS, INVICTOR TACTICAL WARSUIT",https://wahapedia.ru/wh40k11ed/factions/space-marines/Invictor-Tactical-Warsuit,,125,,,,,,
IRON_FATHER_FEIRROS,Iron Father Feirros,"INSPIRING_COMMANDER_FEIRROS, RITES_OF_TEMPERING, IRON_FATHER, MASTER_OF_THE_FORGE",,"GORGONS_WRATH,  BOLT_PISTOL_LEADERS, HARROWHAND, MEDUSAN_MANIPULI","5""",6,2+,6,6,1,"INFANTRY, CHARACTER, EPIC HERO, IMPERIUM, GRAVIS, IRON FATHER FEIRROS, ADEPTUS ASTARTES, IRON HANDS",https://wahapedia.ru/wh40k11ed/factions/space-marines/Iron-Father-Feirros,,85,,,,,,
JUDICIAR,Judiciary,"TEMPORMORTIS, SILENT_FURY, LEADER_JUDICIAR, SUPPORT_JUDICIAR",,"ABSOLVOR_BOLT_PISTOL, EXECUTIONER_RELIC_BLADE","6""",4,3+,4,5,1,"INFANTRY, CHARACTER, IMPERIUM, TACTICUS, JUDICIAR",https://wahapedia.ru/wh40k11ed/factions/space-marines/Judiciar,,55,,,,,,
KAYVAAN_SHRIKE,Kayvaan Shrike,"SHADOWMASTER, ECHO_OF_THE_RAVENSPIRE, INSPIRING_COMMANDER, AETHON_SHAAN_AS_CHAPTER_MASTER","DEEP_STRIKE, STEALTH, LONE_OPERATIVE","BLACKOUT, THE_RAVENS_TALONS","12""",4,3+ / 4++,5,6,1,"INFANTRY, CHARACTER, EPIC HERO, FLY, JUMP PACK, IMPERIUM, PHOBOS, CHAPTER MASTER, KAYVAAN SHRIKE",https://wahapedia.ru/wh40k11ed/factions/space-marines/Kayvaan-Shrike,,100,,,,,,
LAND_RAIDER_REDEEMER,Land Raider Redeemer,"ASSAULT_RAMP, TRANSPORT_LAND_RAIDER_REDEEMER","DEADLY_DEMISE_D6, DAMAGED_1_5","FLAMESTORM_CANNON_X2, TWIN_ASSAULT_CANNON, HUNTER_KILLER_MISSILE, MULTI_MELTA_VEHICLE, STORM_BOLTER_VEHICLE, ARMORED_TRACKS_LAND_RAIDER","12""",12,2+,16,6,5,"VEHICLE, SMOKE, GRENADES, TRANSPORT, IMPERIUM, LAND RAIDER REDEEMER, DEATHWING, FRAME, LAND RAIDER",https://wahapedia.ru/wh40k11ed/factions/space-marines/Land-Raider-Redeemer,,260,,,,,,
LAND_SPEEDER,Land Speeder,PURGATION_RUN,DEEP_STRIKE,"HEAVY_FLAMER_LAND_SPEEDER, MULTI_MELTA_VEHICLE, ONSLAUGHT_GATLING_CANNON, STORMFURY_MISSILE_LAUNCHER, CLOSE_COMBAT_WEAPON_SPEEDERS","14""",8,3+,9,6,3,"VEHICLE, FLY, IMPERIUM, LAND SPEEDER, RAVENWING",https://wahapedia.ru/wh40k11ed/factions/space-marines/Land-Speeder,,105,,,,,,
NEW_LAND_SPEEDER,Land Speeder (New),"NEW_PURGATION_RUN, NEW_LAND_SPEEDER_WARGEAR_OPTIONS",DEEP STRIKE (New),"HEAVY_FLAMER_LAND_SPEEDER, MULTI_MELTA_VEHICLE, ONSLAUGHT_GATLING_CANNON, STORMFURY_MISSILE_LAUNCHER, CLOSE_COMBAT_WEAPON_SPEEDERS","14""",8,3+,9,6+,3,"VEHICLE, FLY, IMPERIUM, LAND SPEEDER, RAVENWING",https://wahapedia.ru/wh40k11ed/factions/space-marines/Land-Speeder,x1,105,x2,,,,,
LAND_SPEEDER_VENGEANCE,Land Speeder Vengeance,STORM_OF_VENGEANCE,DEADLY_DEMISE_D3,"PLASMA_STORM_BATTERY_STANDARD, PLASMA_STORM_BATTERY_SUPERCHARGE, HEAVY_BOLTER_INVICTOR, CLOSE_COMBAT_WEAPON_SPEEDERS","14""",8,3+ / 5++,10,6,3,"VEHICLE, FLY, IMPERIUM, RAVENWING, LAND SPEEDER VENGEANCE, FRAME",https://wahapedia.ru/wh40k11ed/factions/space-marines/Land-Speeder-Vengeance,,130,,,,,,
LIBRARIAN,Librarian,"PSYCHIC_HOOD, MENTAL_FORTRESS_PSYCHIC, LEADER_LIBRARIAN",,"SMITE_WITCHFIRE, SMITE_FOCUSED_WITCHFIRE, FORCE_WEAPON","6""",4,3+,4,6,1,"INFANTRY, CHARACTER, GRENADES, PSYKER, IMPERIUM, TACTICUS, LIBRARIAN",https://wahapedia.ru/wh40k11ed/factions/space-marines/Librarian,,70,,,,,,
NEW_LIBRARIAN,Librarian (New),"NEW_PSYCHIC_HOOD, NEW_MENTAL_FORTRESS, LEADER_LIBRARIAN",LEADER (New),"NEW_BOLT_PISTOL, SMITE_WITCHFIRE, SMITE_FOCUSED_WITCHFIRE, FORCE_WEAPON","6""",4,3+ / 4++,4,6+,1,"INFANTRY, CHARACTER, GRENADES, PSYKER, IMPERIUM, TACTICUS, LIBRARIAN",https://wahapedia.ru/wh40k11ed/factions/space-marines/Librarian,,70,,,,,,
LIBRARIAN_IN_PHOBOS_ARMOUR,Librarian in Phobos Armour,"PSYCHIC_HOOD, LEADER_LIBRARIAN_IN_PHOBOS_ARMOUR, SHROUDING",INFILTRATORS,"BOLT_PISTOL_INTERCESSORS, SMITE_WITCHFIRE, SMITE_FOCUSED_WITCHFIRE, FORCE_WEAPON","6""",4,3+,4,6+,1,"INFANTRY, CHARACTER, GRENADES, PSYKER, IMPERIUM, PHOBOS, LIBRARIAN",https://wahapedia.ru/wh40k11ed/factions/space-marines/Librarian-In-Phobos-Armour,,70,,,,,,
LIBRARIAN_IN_TERMINATOR_ARMOUR,Librarian in Terminator Armour,"PSYCHIC_HOOD, VEIL_OF_TIME_PSYCHIC, LEADER_LIBRARIAN_IN_TERMINATOR_ARMOUR",DEEP_STRIKE,"COMBI_WEAPON, SMITE_WITCHFIRE, SMITE_FOCUSED_WITCHFIRE, FORCE_WEAPON","5""",5,2+ / 4++,5,6,1,"INFANTRY, CHARACTER, PSYKER, IMPERIUM, TERMINATOR, LIBRARIAN, DEATHWING",https://wahapedia.ru/wh40k11ed/factions/space-marines/Librarian-In-Terminator-Armour,,85,,,,,,
LIEUTENANT_WITH_COMBI_WEAPON,Lieutenant (Combi-weapon),"PRIORITY_OBJECTIVE_IDENTIFIED, EVADE_AND_SURVIVE","FEEL_NO_PAIN_5, INFILTRATORS, LONE_OPERATIVE, STEALTH","COMBI_WEAPON_LEADERS, PAIRED_COMBAT_BLADES_LIEUTENANT","6""",4,3+,4,6,1,"INFANTRY, CHARACTER, GRENADES, IMPERIUM, PHOBOS, LIEUTENANT, LIEUTENANT WITH COMBI-WEAPON",https://wahapedia.ru/wh40k11ed/factions/space-marines/Lieutenant-with-Combi-weapon,,95,,,,,,
LIEUTENANT_FIST_PLASMA,Lieutenant (Fist and Plasma),"TACTICAL_PRECISION, TARGET_PRIORITY, LEADER_LIEUTENANT, SUPPORT_LIEUTENANT",LEADER_LIEUTENANT,"PLASMA_PISTOL_STANDARD_LEADER, PLASMA_PISTOL_SUPERCHARGE_LEADER, POWER_FIST_LIEUTENANT","6""",4,3+,4,6,1,"INFANTRY, CHARACTER, GRENADES, IMPERIUM, TACTICUS, LIEUTENANT",https://wahapedia.ru/wh40k11ed/factions/space-marines/Lieutenant,,45,,,,,,
LIEUTENANT_SWORD_AND_SHIELD,Lieutenant (Sword & Shield),"TACTICAL_PRECISION, TARGET_PRIORITY, STORM_SHIELD, LEADER_LIEUTENANT, SUPPORT_LIEUTENANT",,"HEAVY_BOLT_PISTOL_LEADERS, MASTER_CRAFTED_POWER_WEAPON_LIEUTENANT","6""",4,3+ / 4++,4,6,1,"INFANTRY, CHARACTER, GRENADES, IMPERIUM, TACTICUS, LIEUTENANT",https://wahapedia.ru/wh40k11ed/factions/space-marines/Lieutenant,,45,,,,,,
LIEUTENANT_IN_PHOBOS_ARMOUR,Lieutenant in Phobos Armour,"TACTICAL_PRECISION, STRATEGIC_DISPERSAL, LEADER_LIEUTENANT_IN_PHOBOS_ARMOUR, SUPPORT_LIEUTENANT_IN_PHOBOS_ARMOUR","DEEP_STRIKE, INFILTRATORS, SCOUTS_6","BOLT_PISTOL_LEADER, PAIRED_COMBAT_BLADES","6""",4,3+,4,6,1,"INFANTRY, CHARACTER, GRENADES, IMPERIUM, PHOBOS, LIEUTENANT",https://wahapedia.ru/wh40k11ed/factions/space-marines/Lieutenant-In-Phobos-Armour,,45,,,,,,
LIEUTENANT_IN_REIVER_ARMOUR,Lieutenant in Reiver Armour,"TACTICAL_PRECISION, DEADLY_TERROR, SUPPORT_LIEUTENANT_IN_REIVER_ARMOUR",SCOUTS_6,"MASTER_CRAFTED_SPECIAL_ISSUE_BOLT_PISTOL_REIVER_LT, COMBAT_KNIFE_LIEUTENANT_REIVERS","6""",4,3+,4,6,1,"INFANTRY, CHARACTER, SMOKE, GRENADES, IMPERIUM, PHOBOS, LIEUTENANT, LIEUTENANT IN REIVER ARMOUR",https://wahapedia.ru/wh40k11ed/factions/space-marines/Lieutenant-In-Reiver-Armour,,45,,,,,,
LION_ELJONSON,Lion El’Jonson,"PRIMARCH_OF_THE_FIRST_LEGION, THE_EMPERORS_SHIELD, DARK_ANGELS_BODYGUARD","FIGHTS_FIRST, DEEP_STRIKE","ARMA_LUMINIS_BOLT, ARMA_LUMINIS_PLASMA, FEALTY_SWEEP, FEALTY_STRIKE","8""",9,2+ / 3++,10,5,4,"MONSTER, CHARACTER, EPIC HERO, IMPERIUM, PRIMARCH, LION EL’JONSON, MOBILE",https://wahapedia.ru/wh40k11ed/factions/space-marines/Lion-El-jonson,,265,,,,,,
OUTRIDER_SQUAD,Outrider Squad,THUNDEROUS_IMPACT,,"TWIN_BOLT_RIFLE, HEAVY_BOLT_PISTOL, ASTARTES_CHAINSWORD_INTERCESSORS","12""",5,3+,4,6,2,"MOUNTED, GRENADES, IMPERIUM, OUTRIDER SQUAD, RAVENWING",https://wahapedia.ru/wh40k11ed/factions/space-marines/Outrider-Squad,x3,70,x6,140,,,,
PREDATOR_DESTRUCTOR,Predator Destructor,DESTRUCTOR,"DAMAGED_1_4, DEADLY_DEMISE_D3","PREDATOR_AUTOCANNON, HEAVY_BOLTERS_X2_PREDATOR, HUNTER_KILLER_MISSILE, STORM_BOLTER_VEHICLE, ARMOURED_TRACKS","10""",10,3+,11,6,3,"VEHICLE, SMOKE, IMPERIUM, PREDATOR DESTRUCTOR, FRAME",https://wahapedia.ru/wh40k11ed/factions/space-marines/Predator-Destructor,,140,,,,,,
RAVENWING_COMMAND_SQUAD,Ravenwing Command Squad,"ASTARTES_BANNER_ANCIENT, HONOUR_OR_DEATH_CHAMPION, NARTHECIUM_APOTHECARY, RAVENWING_COMMAND_SQUAD_WARGEAR, LEADER_RAVENWING_COMMAND_SQUAD",,"PLASMA_TALON_STANDARD, PLASMA_TALON_SUPERCHARGE, BOLT_PISTOL_INTERCESSORS, MASTER_CRAFTED_POWER_WEAPON_CHAMPION, BLACK_KNIGHT_COMBAT_WEAPON_APOTHECARY_ANCIENT","12""",5,3+ / 5++,4,6+,2,"ALL MODELS: MOUNTED, GRENADES, IMPERIUM, RAVENWING, RAVENWING COMMAND SQUADRAVENWING CHAMPION: CHARACTER",https://wahapedia.ru/wh40k11ed/factions/space-marines/Ravenwing-Command-Squad,,105,,,,,,
REDEMPTOR_PLASMA,Redemptor (Plasma),DUTY_ETERNAL,"DEADLY_DEMISE_D3, DAMAGED_1_4","MACRO_PLASMA_INCINERATOR_STANDARD, MACRO_PLASMA_INCINERATOR_SUPERCHARGE, ONSLAUGHT_GATLING_CANNON, TWIN_STORM_BOLTER, ICARUS_ROCKET_POD, REDEMPTOR_FIST","8""",10,2+,12,6,4,"VEHICLE, WALKER, IMPERIUM, DREADNOUGHT, REDEMPTOR DREADNOUGHT, DEATHWING",https://wahapedia.ru/wh40k11ed/factions/space-marines/Redemptor-Dreadnought,x1,195,x2,390,x3,,,
REIVERS,Reivers,"TERROR_TROOPS_AURA, FEARSOME_ASSAULT",SCOUTS_6,"SPECIAL_ISSUE_BOLT_PISTOL_REIVERS, COMBAT_KNIFE_REIVERS","6""",4,3+,2,6,1,"INFANTRY, GRENADES, SMOKE, IMPERIUM, PHOBOS, REIVER SQUAD",https://wahapedia.ru/wh40k11ed/factions/space-marines/Reiver-Squad,,75,,,,,,
REPULSOR,Repulsor,"EMERGENCY_COMBAT_EMBARKATION, TRANSPORT_REPULSOR","DAMAGED_1_5, DEADLY_DEMISE_D6","HUNTER_SLAYER_MISSILE, LAS_TALON, REPULSOR_DEFENSIVE_ARRAY, TWIN_LASCANNON, ARMOURED_HULL_REPULSOR","10""",12,3+,16,6,5,"VEHICLE, SMOKE, TRANSPORT, IMPERIUM, REPULSOR, DEATHWING, FRAME",https://wahapedia.ru/wh40k11ed/factions/space-marines/Repulsor,,170,,,,,,
REPULSOR_EXECUTIONER,Repulsor Executioner,"EXECUTIONER, TRANSPORT_REPULSOR_EXECUTIONER","DAMAGED_1_5, DEADLY_DEMISE_D6","HEAVY_LASER_DESTROYER, HEAVY_ONSLAUGHT_GATLING_CANNON, ICARUS_ROCKET_POD, IRONHAIL_HEAVY_STUBBER, REPULSOR_EXECUTIONER_DEFENSIVE_ARRAY, TWIN_HEAVY_BOLTER, TWIN_ICARUS_IRONHAIL_HEAVY_STUBBER, ARMOURED_HULL_REPULSOR","10""",12,3+,16,6,5,"VEHICLE, SMOKE, TRANSPORT, IMPERIUM, REPULSOR EXECUTIONER, DEATHWING, FRAME",https://wahapedia.ru/wh40k11ed/factions/space-marines/Repulsor-Executioner,x1,255,x2,,,,,
RHINO,Rhino,SELF_REPAIR,"DEADLY_DEMISE_D3, FIRING_DECK_2","HUNTER_KILLER_MISSILE, STORM_BOLTER_VEHICLE, ARMOURED_TRACKS","12""",9,3+,10,6,2,"VEHICLE, SMOKE, TRANSPORT, DEDICATED TRANSPORT, IMPERIUM, RHINO, FRAME",https://wahapedia.ru/wh40k11ed/factions/space-marines/Rhino,,65,,,,,,
SCOUTS,Scouts,"GUERRILLA_TACTICS, SCOUT_WARGEAR","INFILTRATORS, SCOUTS_6","HEAVY_BOLTER_SCOUTS, SCOUT_SNIPER_RIFLE, ASTARTES_SHOTGUN_SCOUTS, BOLT_PISTOL_INTERCESSORS, COMBAT_KNIFE_SCOUTS, ASTARTES_CHAINSWORD_SCOUTS_SGT","6""",4,4+,2,6,1,"INFANTRY, GRENADES, SMOKE, IMPERIUM, SCOUT SQUAD",https://wahapedia.ru/wh40k11ed/factions/space-marines/Scout-Squad,5x1,65,5x2,140,,,,
STERNGUARD_VETS,Sternguard Vets,STERNGUARD_FOCUS,,"STERNGUARD_BOLT_PISTOL, STERNGUARD_BOLT_RIFLE, STERNGUARD_HEAVY_BOLTER, CLOSE_COMBAT_WEAPON_STERNGUARD, POWER_FIST_STERNGUARD_SGT","6""",4,3+,2,6,1,"INFANTRY, GRENADES, IMPERIUM, TACTICUS, STERNGUARD VETERAN SQUAD, DEATHWING",https://wahapedia.ru/wh40k11ed/factions/space-marines/Sternguard-Veteran-Squad,5x1,100,5x2,200,x10,200,,
STORM_SPEEDER_HAILSTRIKE,Storm Speeder Hailstrike,HAILSTRIKE,"DEEP_STRIKE, DEADLY_DEMISE_D3","FRAGSTORM_GRENADE_LAUNCHER, ONSLAUGHT_GATLING_CANNON, TWIN_IRONHAIL_HEAVY_STUBBER, CLOSE_COMBAT_WEAPON_SPEEDERS","14""",9,3+,11,6,3,"VEHICLE, FLY, IMPERIUM, STORM SPEEDER HAILSTRIKE, FRAME, RAVENWING",https://wahapedia.ru/wh40k11ed/factions/space-marines/Storm-Speeder-Hailstrike,,105,,,,,,
STORM_SPEEDER_HAMMERSTRIKE,Storm Speeder Hammerstrike,HAMMERSTRIKE,"DEEP_STRIKE, DEADLY_DEMISE_D3","HAMMERSTRIKE_MISSILE_LAUNCHER, KRAKSTORM_GRENADE_LAUNCHER_X2, MELTA_DESTROYER, CLOSE_COMBAT_WEAPON_SPEEDERS","14""",9,3+,11,6,3,"VEHICLE, FLY, IMPERIUM, STORM SPEEDER HAMMERSTRIKE, FRAME, RAVENWING",https://wahapedia.ru/wh40k11ed/factions/space-marines/Storm-Speeder-Hammerstrike,,140,,,,,,
STORM_SPEEDER_THUNDERSTRIKE,Storm Speeder Thunderstrike,THUNDERSTRIKE,"DEEP_STRIKE, DEADLY_DEMISE_D3","STORMFURY_MISSILES, THUNDERSTRIKE_LAS_TALON, TWIN_ICARUS_ROCKET_POD, CLOSE_COMBAT_WEAPON_SPEEDERS","14""",9,3+,11,6,3,"VEHICLE, FLY, IMPERIUM, STORM SPEEDER THUNDERSTRIKE, FRAME, RAVENWING",https://wahapedia.ru/wh40k11ed/factions/space-marines/Storm-Speeder-Thunderstrike,,135,,,,,,
SUBODEN_KHAN,Suboden Khan,"SPEAR_OF_CHOGORIS, SKILLED_RIDERS, WRATH_OF_THE_FIRST_KHAN",LEADER_SUBODEN_KHAN,"HEAVY_BOLT_PISTOL_LEADERS, ONSLAUGHT_GATLING_CANNON_SUBODEN_KHAN, STORMTOOTH_LANCE, POWER_SWORD_SUBODEN_KHAN","12""",5,3+ / 4++,8,6,2,"MOUNTED, CHARACTER, EPIC HERO, IMPERIUM, GRENADES, CAPTAIN, SUBODEN KHAN, ADEPTUS ASTARTES, WHITE SCARS",https://wahapedia.ru/wh40k11ed/factions/space-marines/Suboden-Khan,,90,,,,,,
SUPPRESSOR_SQUAD,Suppressors,SUPPRESSION_FIRE,DEEP_STRIKE,"ACCELERATOR_AUTOCANNON, BOLT_PISTOL_INTERCESSORS, CLOSE_COMBAT_WEAPON_INTERCESSORS","12""",4,3+,2,6,1,"INFANTRY, GRENADES, SMOKE, JUMP PACK, FLY, IMPERIUM, SUPPRESSOR SQUAD",https://wahapedia.ru/wh40k11ed/factions/space-marines/Suppressor-Squad,,85,,,,,,
TECHMARINE,Techmarine,"TECHMARINE, BLESSING_OF_THE_OMNISSIAH, VENGEANCE_OF_THE_OMNISSIAH, LEADER_TECHMARINE",,"FORGE_BOLTER, GRAV_PISTOL, OMNISSIAN_POWER_AXE, SERVO_ARM","6""",4,2+,4,6,1,"INFANTRY, CHARACTER, GRENADES, IMPERIUM, TACTICUS, TECHMARINE",https://wahapedia.ru/wh40k11ed/factions/space-marines/Techmarine,x1,55,x2,110,,,,
TERMINATOR_ASSAULT_SQUAD,Terminator Assault,"TERMINATUS_ASSAULT, STORM_SHIELD_TERMINATORS, Teleport_Homer",DEEP_STRIKE,THUNDER_HAMMER_TERMINATORS,"5""",5,2+ / 4++,4,6,1,"INFANTRY, IMPERIUM, TERMINATORS, TERMINATOR ASSAULT SQUAD",https://wahapedia.ru/wh40k11ed/factions/space-marines/Terminator-Assault-Squad,x5,155,x10,310,,,,
TERMINATOR_SQUAD,Terminator Squad,"Teleport_Homer, FURY_OF_THE_FIRST",DEEP_STRIKE,"STORM_BOLTER_TERMINATORS, CYCLONE_MISSLINE_FRAG, CYCLONE_MISSLINE_KRAK, POWER_FIST_TERMINATORS","5""",5,2+ / 4++,3,6,1,"INFANTRY, IMPERIUM, TERMINATOR, TERMINATOR SQUAD, DEATHWING",https://wahapedia.ru/wh40k11ed/factions/space-marines/Terminator-Squad,x5,160,x10,320,,,,
URIEL_VENTRIS,Uriel Ventris,"UNORTHODOX_STRATEGIST, MASTER_OF_THE_FLEET",,"BOLT_PISTOL_LEADERS, INVICTUS, SWORD_OF_IDAEUS","6""",4,3+ / 4++,5,6,1,"INFANTRY, CHARACTER, EPIC HERO, IMPERIUM, TACTICUS, CAPTAIN, URIEL VENTRIS",https://wahapedia.ru/wh40k11ed/factions/space-marines/Uriel-Ventris,,105,,,,,,
VANGUARD_VETERAN_SQUAD_WITH_JUMP_PACKS,Vanguard Veteran Squad With Jump Packs,"VANGUARD_ASSAULT, STORM_SHIELD",DEEP_STRIKE,VANGUARD_VETERAN_WEAPON,"12""",4,3+ / 4++,2,6,1,"INFANTRY, GRENADES, JUMP PACK, FLY, IMPERIUM, VANGUARD VETERAN SQUAD, VANGUARD VETERAN SQUAD WITH JUMP PACKS, DEATHWING",https://wahapedia.ru/wh40k11ed/factions/space-marines/Vanguard-Veteran-Squad-With-Jump-Packs,,105,,,,,,
NEW_VANGUARD_VETERAN_SQUAD_WITH_JUMP_PACKS,Vanguard Veteran Squad with Jump Packs (New),"NEW_VANGUARD_ASSAULT, NEW_VANGUARD_VETERAN_SQUAD_WITH_JUMP_PACKS_LOADOUT",DEEP STRIKE (New),"NEW_HEAVY_BOLT_PISTOL_VANGUARD_VETERANS, NEW_PLASMA_PISTOL_STANDARD_VANGUARD_VETERANS, NEW_PLASMA_PISTOL_SUPERCHARGE_VANGUARD_VETERANS, NEW_MASTER_CRAFTED_POWER_WEAPON_VANGUARD_VETERANS","12""",4,3+,2,6+,1,"INFANTRY, GRENADES, JUMP PACK, FLY, IMPERIUM, VANGUARD VETERAN SQUAD WITH JUMP PACKS",https://wahapedia.ru/wh40k11ed/factions/space-marines/Vanguard-Veteran-Squad-With-Jump-Packs,x5,105,5x2,,,,,
VICTRIX_HONOUR_GUARD,Victrix Honour Guard,"ULTRAMARINES_HONOUR_GUARD, GLORY_OF_ULTRAMAR",,"MASTER_CRAFTED_BOLT_CARBINE_VITRIX_ONLY, MASTER_CRAFTED_POWER_WEAPON_ANCIENT_AND_VITRIX_ONLY","6""",4,2+,3,6,2,"ALL MODELS: INFANTRY, IMPERIUM, TACTICUS, VICTRIX HONOUR GUARD",https://wahapedia.ru/wh40k11ed/factions/space-marines/Victrix-Honour-Guard,x3,110,x6,230,,,,
VICTRIX_HONOUR_GUARD_ANCIENT,Victrix with Ancient,"ULTRAMARINES_HONOUR_GUARD, GLORY_OF_ULTRAMAR, BANNER_OF_MACRAGGE",,"MASTER_CRAFTED_BOLT_CARBINE_VITRIX_ONLY, MASTER_CRAFTED_POWER_WEAPON_ANCIENT_AND_VITRIX_ONLY","6""",4,2+,3,6,2,"ALL MODELS: INFANTRY, IMPERIUM, TACTICUS, VICTRIX HONOUR GUARD | CHAPTER ANCIENT: EPIC HERO, ANCIENT",https://wahapedia.ru/wh40k11ed/factions/space-marines/Victrix-Honour-Guard,x3,110,x6,230,,,,
VICTRIX_HONOUR_GUARD_CHAMPION,Victrix with Champion,"ULTRAMARINES_HONOUR_GUARD, GLORY_OF_ULTRAMAR",,"MASTER_CRAFTED_BOLT_CARBINE_VITRIX_ONLY, BLADES_OF_HONOUR_CHAMPION, MASTER_CRAFTED_POWER_WEAPON_ANCIENT_AND_VITRIX_ONLY","6""",4,2+,3,6,2,"ALL MODELS: INFANTRY, IMPERIUM, TACTICUS, VICTRIX HONOUR GUARD | CHAPTER CHAMPION: EPIC HERO, CHAMPION",https://wahapedia.ru/wh40k11ed/factions/space-marines/Victrix-Honour-Guard,x3,110,x6,230,,,,
VICTRIX_HONOUR_GUARD_CHAMPION_ANCIENT,Victrix with Champion & Ancient,"ULTRAMARINES_HONOUR_GUARD, GLORY_OF_ULTRAMAR, BANNER_OF_MACRAGGE",,"MASTER_CRAFTED_BOLT_CARBINE_VITRIX_ONLY, BLADES_OF_HONOUR_CHAMPION, MASTER_CRAFTED_POWER_WEAPON_ANCIENT_AND_VITRIX_ONLY","6""",4,2+,3,6,2,"ALL MODELS: INFANTRY, IMPERIUM, TACTICUS, VICTRIX HONOUR GUARD | CHAPTER ANCIENT: EPIC HERO, ANCIENT | CHAPTER CHAMPION: EPIC HERO, CHAMPION",https://wahapedia.ru/wh40k11ed/factions/space-marines/Victrix-Honour-Guard,x3,110,x6,230,,,,
VULKAN_HESTAN,Vulkan He’stan,"FORGEFATHER, SEEKER_OF_THE_UNFOUND, INSPIRING_COMMANDER_VULKAN",FEEL_NO_PAIN_6,"BOLT_PISTOL_LEADERS, GAUNTLET_OF_THE_FORGE, SPEAR_OF_VULKAN","6""",4,2+ / 4++,5,6,1,"INFANTRY, CHARACTER, EPIC HERO, GRENADES, IMPERIUM, CAPTAIN, VULKAN HE’STAN",https://wahapedia.ru/wh40k11ed/factions/space-marines/Vulkan-He-stan,,95,,,,,,
