Unit_ID,Option_Group_ID,Group_Label,Option_ID,Option_Name,Default,Sort_Order
DEATHWING_KNIGHTS,KNIGHT_MASTER_MELEE,Knight Master Weapon,DEATHWING_GREAT_WEAPON,Great Weapon of the Unforgiven,TRUE,1
DEATHWING_KNIGHTS,KNIGHT_MASTER_MELEE,Knight Master Weapon,DEATHWING_RELIC_WEAPON,Relic Weapon,FALSE,2
DEATHWING_KNIGHTS,KNIGHTS_MELEE,Deathwing Knights Weapon,DEATHWING_MACE_OF_ABSOLUTION,Mace of Absolution,TRUE,1
DEATHWING_KNIGHTS,KNIGHTS_MELEE,Deathwing Knights Weapon,DEATHWING_POWER_WEAPON,Power Weapon,FALSE,2
DEATHWING_TERMINATORS,HEAVY_WEAPON_DWT,Heavy Weapon,DWT_CYCLONE,Cyclone Missile Launcher,TRUE,1
DEATHWING_TERMINATORS,HEAVY_WEAPON_DWT,Heavy Weapon,DWT_ASSAULT_CANNON,Assault Cannon,FALSE,2
DEATHWING_TERMINATORS,HEAVY_WEAPON_DWT,Heavy Weapon,DWT_HEAVY_FLAMER,Heavy Flamer,FALSE,3
DEATHWING_TERMINATORS,HEAVY_WEAPON_DWT,Heavy Weapon,DWT_PLASMA_CANNON,Plasma Cannon,FALSE,4
DEATHWING_TERMINATORS,HEAVY_WEAPON_DWT,Heavy Weapon,DWT_NONE,None,FALSE,5
DEATHWING_TERMINATORS,MELEE_DWT,Terminator Melee,DWT_POWER_FIST,Power Fist,TRUE,1
DEATHWING_TERMINATORS,MELEE_DWT,Terminator Melee,DWT_CHAINFIST,Chainfist,FALSE,2
DEATHWING_TERMINATORS,MELEE_DWT,Terminator Melee,DWT_MIXED_FISTS,Power Fist + Chainfist,FALSE,3
INVADER_ATV,MAIN_GUN_INVADER_ATV,Main Gun,INVADER_ATV_GATLING,Onslaught Gatling Cannon,TRUE,1
INVADER_ATV,MAIN_GUN_INVADER_ATV,Main Gun,INVADER_ATV_MULTI_MELTA,Multi-melta,FALSE,2
INVICTOR_TACTICAL_WARSUIT,MAIN_GUN_INVICTOR,Main Gun,INVICTOR_INCENDIUM_CANNON,Incendium Cannon,TRUE,1
INVICTOR_TACTICAL_WARSUIT,MAIN_GUN_INVICTOR,Main Gun,INVICTOR_TWIN_IRONHAIL_AUTOCANNON,Twin Ironhail Autocannon,FALSE,2
CAPTAIN_WITH_JUMP_PACK,CAPTAIN_JUMP_RANGED,Ranged Weapon,CAPTAIN_JUMP_HBP,Heavy Bolt Pistol,TRUE,1
CAPTAIN_WITH_JUMP_PACK,CAPTAIN_JUMP_RANGED,Ranged Weapon,CAPTAIN_JUMP_PLASMA,Plasma Pistol,FALSE,2
CAPTAIN_WITH_JUMP_PACK,CAPTAIN_JUMP_RANGED,Ranged Weapon,CAPTAIN_JUMP_FLAMER,Hand Flamer,FALSE,3
CAPTAIN_WITH_JUMP_PACK,CAPTAIN_JUMP_MELEE,Melee Weapon,CAPTAIN_JUMP_CHAIN,Astartes Chainsword,TRUE,1
CAPTAIN_WITH_JUMP_PACK,CAPTAIN_JUMP_MELEE,Melee Weapon,CAPTAIN_JUMP_FIST,Power Fist,FALSE,2
CAPTAIN_WITH_JUMP_PACK,CAPTAIN_JUMP_MELEE,Melee Weapon,CAPTAIN_JUMP_RELIC,Relic Weapon,FALSE,3
CAPTAIN_WITH_JUMP_PACK_HAMMER_SHIELD,CAPTAIN_JUMP_SHIELD_LOADOUT,Shield Loadout,CAPTAIN_JUMP_SHIELD_CHAIN,Heavy Bolt Pistol + Astartes Chainsword,TRUE,1
CAPTAIN_WITH_JUMP_PACK_HAMMER_SHIELD,CAPTAIN_JUMP_SHIELD_LOADOUT,Shield Loadout,CAPTAIN_JUMP_SHIELD_HAMMER,Thunder Hammer,FALSE,2
CAPTAIN_FIST_PLASMA,CAPTAIN_LOADOUT,Loadout,CAPTAIN_DEFAULT,Bolt Pistol + Master-crafted Bolter + Close Combat Weapon,TRUE,1
CAPTAIN_FIST_PLASMA,CAPTAIN_LOADOUT,Loadout,CAPTAIN_BOLTER_POWER_WEAPON,Bolt Pistol + Master-crafted Bolter + Master-crafted Power Weapon,FALSE,2
CAPTAIN_FIST_PLASMA,CAPTAIN_LOADOUT,Loadout,CAPTAIN_BOLTER_FIST,Bolt Pistol + Master-crafted Bolter + Power Fist,FALSE,3
CAPTAIN_FIST_PLASMA,CAPTAIN_LOADOUT,Loadout,CAPTAIN_HBP_FIST,Heavy Bolt Pistol + Power Fist,FALSE,4
CAPTAIN_FIST_PLASMA,CAPTAIN_LOADOUT,Loadout,CAPTAIN_HBP_POWER_WEAPON,Heavy Bolt Pistol + Master-crafted Power Weapon,FALSE,5
CAPTAIN_FIST_PLASMA,CAPTAIN_LOADOUT,Loadout,CAPTAIN_VOLKITE_FIST,Neo-volkite Pistol + Power Fist,FALSE,6
CAPTAIN_FIST_PLASMA,CAPTAIN_LOADOUT,Loadout,CAPTAIN_VOLKITE_POWER_WEAPON,Neo-volkite Pistol + Master-crafted Power Weapon,FALSE,7
CAPTAIN_FIST_PLASMA,CAPTAIN_LOADOUT,Loadout,CAPTAIN_PLASMA_FIST,Plasma Pistol + Power Fist,FALSE,8
CAPTAIN_FIST_PLASMA,CAPTAIN_LOADOUT,Loadout,CAPTAIN_PLASMA_POWER_WEAPON,Plasma Pistol + Master-crafted Power Weapon,FALSE,9
CAPTAIN_SWORD_SHIELD,CAPTAIN_SHIELD_LOADOUT,Shield Loadout,CAPTAIN_SHIELD_LOADOUT,Heavy Bolt Pistol + Master-crafted Power Weapon,TRUE,1
CAPTAIN_IN_GRAVIS_ARMOUR,GRAVIS_CAPTAIN_LOADOUT,Loadout,GRAVIS_CAPTAIN_DEFAULT,Master-crafted Heavy Bolt Rifle + Master-crafted Power Weapon,TRUE,1
CAPTAIN_IN_GRAVIS_ARMOUR,GRAVIS_CAPTAIN_LOADOUT,Loadout,GRAVIS_CAPTAIN_CHAIN,Boltstorm Gauntlet + Power Fist + Relic Chainsword,FALSE,2
CAPTAIN_IN_GRAVIS_ARMOUR,GRAVIS_CAPTAIN_LOADOUT,Loadout,GRAVIS_CAPTAIN_BLADE,Boltstorm Gauntlet + Power Fist + Relic Blade,FALSE,3
CAPTAIN_IN_GRAVIS_ARMOUR,GRAVIS_CAPTAIN_LOADOUT,Loadout,GRAVIS_CAPTAIN_FIST,Boltstorm Gauntlet + Power Fist + Relic Fist,FALSE,4
CAPTAIN_IN_TERMINATOR_ARMOUR,CAPTAIN_TERM_RANGED,Ranged Weapon,CAPTAIN_TERM_STORM,Storm Bolter,TRUE,1
CAPTAIN_IN_TERMINATOR_ARMOUR,CAPTAIN_TERM_RANGED,Ranged Weapon,CAPTAIN_TERM_COMBI,Combi-weapon,FALSE,2
CAPTAIN_IN_TERMINATOR_ARMOUR,CAPTAIN_TERM_MELEE,Melee Weapon,CAPTAIN_TERM_RELIC,Relic Weapon,TRUE,1
CAPTAIN_IN_TERMINATOR_ARMOUR,CAPTAIN_TERM_MELEE,Melee Weapon,CAPTAIN_TERM_FIST,Relic Fist,FALSE,2
LIEUTENANT_FIST_PLASMA,LT_PISTOL,Pistol,LT_PISTOL_BOLT,Bolt Pistol,TRUE,1
LIEUTENANT_FIST_PLASMA,LT_PISTOL,Pistol,LT_PISTOL_HEAVY,Heavy Bolt Pistol,FALSE,2
LIEUTENANT_FIST_PLASMA,LT_BOLTER_SLOT,Master-crafted Bolter Slot,LT_SLOT2_BOLTER,Master-crafted Bolter,TRUE,1
LIEUTENANT_FIST_PLASMA,LT_BOLTER_SLOT,Master-crafted Bolter Slot,LT_SLOT2_PLASMA,Plasma Pistol,FALSE,2
LIEUTENANT_FIST_PLASMA,LT_BOLTER_SLOT,Master-crafted Bolter Slot,LT_SLOT2_POWER,Master-crafted Power Weapon,FALSE,3
LIEUTENANT_FIST_PLASMA,LT_BOLTER_SLOT,Master-crafted Bolter Slot,LT_SLOT2_FIST,Power Fist,FALSE,4
LIEUTENANT_FIST_PLASMA,LT_MELEE_SLOT,Close Combat Weapon Slot,LT_MELEE_CCW,Close Combat Weapon,TRUE,1
LIEUTENANT_FIST_PLASMA,LT_MELEE_SLOT,Close Combat Weapon Slot,LT_MELEE_POWER,Master-crafted Power Weapon,FALSE,2
LIEUTENANT_FIST_PLASMA,LT_MELEE_SLOT,Close Combat Weapon Slot,LT_MELEE_FIST,Power Fist,FALSE,3
LIEUTENANT_SWORD_AND_SHIELD,LT_SHIELD_LOADOUT,Shield Loadout,LT_SHIELD_LOADOUT,Neo-volkite Pistol + Master-crafted Power Weapon,TRUE,1
CHAPLAIN_WITH_JUMP_PACK,CHAPLAIN_JUMP_REPLACEMENT,Bolt Pistol Replacement,CHAPLAIN_JUMP_BOLT,Bolt Pistol,TRUE,1
CHAPLAIN_WITH_JUMP_PACK,CHAPLAIN_JUMP_REPLACEMENT,Bolt Pistol Replacement,CHAPLAIN_JUMP_BOLTGUN_OPT,Boltgun,FALSE,2
CHAPLAIN_WITH_JUMP_PACK,CHAPLAIN_JUMP_REPLACEMENT,Bolt Pistol Replacement,CHAPLAIN_JUMP_COMBI,Combi-weapon,FALSE,3
CHAPLAIN_WITH_JUMP_PACK,CHAPLAIN_JUMP_REPLACEMENT,Bolt Pistol Replacement,CHAPLAIN_JUMP_GRAV,Grav-pistol,FALSE,4
CHAPLAIN_WITH_JUMP_PACK,CHAPLAIN_JUMP_REPLACEMENT,Bolt Pistol Replacement,CHAPLAIN_JUMP_FLAMER,Hand flamer,FALSE,5
CHAPLAIN_WITH_JUMP_PACK,CHAPLAIN_JUMP_REPLACEMENT,Bolt Pistol Replacement,CHAPLAIN_JUMP_INFERNO,Inferno pistol,FALSE,6
CHAPLAIN_WITH_JUMP_PACK,CHAPLAIN_JUMP_REPLACEMENT,Bolt Pistol Replacement,CHAPLAIN_JUMP_PLASMA,Plasma pistol,FALSE,7
CHAPLAIN_WITH_JUMP_PACK,CHAPLAIN_JUMP_REPLACEMENT,Bolt Pistol Replacement,CHAPLAIN_JUMP_STORM,Storm bolter,FALSE,8
CHAPLAIN_WITH_JUMP_PACK,CHAPLAIN_JUMP_REPLACEMENT,Bolt Pistol Replacement,CHAPLAIN_JUMP_FIST,Power fist,FALSE,9
CHAPLAIN_WITH_JUMP_PACK,CHAPLAIN_JUMP_REPLACEMENT,Bolt Pistol Replacement,CHAPLAIN_JUMP_ABSOLVOR,Absolvor bolt pistol,FALSE,10
REDEMPTOR_PLASMA,REDEMPTOR_MAIN_GUN,Main Gun,REDEMPTOR_MACRO_PLASMA,Macro Plasma Incinerator,TRUE,1
REDEMPTOR_PLASMA,REDEMPTOR_MAIN_GUN,Main Gun,REDEMPTOR_HEAVY_ONSLAUGHT,Heavy Onslaught Gatling Cannon,FALSE,2
INCEPTORS_PLASMA,INCEPTORS_LOADOUT,Main Weapon,INCEPTORS_PLASMA_EXTERMINATORS,Plasma Exterminators,TRUE,1
INCEPTORS_PLASMA,INCEPTORS_LOADOUT,Main Weapon,INCEPTORS_ASSAULT_BOLTERS,Assault Bolters,FALSE,2
ANCIENT_IN_TERMINATOR_ARMOUR_HAMMER,ANCIENT_TERM_LOADOUT,Loadout,ANCIENT_TERM_HAMMER_SHIELD,Thunder Hammer,TRUE,1
ANCIENT_IN_TERMINATOR_ARMOUR_HAMMER,ANCIENT_TERM_LOADOUT,Loadout,ANCIENT_TERM_STORM_BOLTER_FIST,Storm Bolter,FALSE,2
TERMINATOR_ASSAULT_SQUAD,ASSAULT_TERMINATOR_LOADOUT,Loadout,ASSAULT_TERMINATORS_CLAWS,Twin Lightning Claws,FALSE,1
TERMINATOR_ASSAULT_SQUAD,ASSAULT_TERMINATOR_LOADOUT,Loadout,ASSAULT_TERMINATORS_HAMMER,Thunder Hammer,TRUE,2
